OrderID,ProductID,CustomerID,DateID,TerritoryID,Quantity,UnitPrice,UnitCost,SalesAmount_USD,SalesAmount_GBP,TaxAmount
1001,8,45,20210813,5,1,30.63,26,30.63,24.2,4.84
1002,15,177,20220810,5,4,56.05,45,224.21,177.13,35.43
1003,10,181,20211130,3,4,36.34,32,145.36,114.83,22.97
1004,9,161,20211202,5,2,34.13,26,68.25,53.92,10.78
1005,8,166,20230221,2,3,39.35,26,118.04,93.25,18.65
1006,2,43,20210414,3,5,1327.03,900,6635.15,5241.77,1048.35
1007,10,113,20230328,1,4,46.22,32,184.88,146.06,29.21
1008,13,70,20231002,5,5,8.08,6,40.41,31.92,6.38
1009,20,11,20210427,4,3,25.23,18,75.7,59.8,11.96
1010,3,59,20210208,6,5,919.75,660,4598.75,3633.01,726.6
1011,9,148,20210201,1,2,34.72,26,69.43,54.85,10.97
1012,15,72,20230725,2,5,59.31,45,296.54,234.27,46.85
1013,3,121,20221207,3,4,835.99,660,3343.97,2641.74,528.35
1014,4,42,20230821,3,4,31.83,22,127.32,100.58,20.12
1015,13,195,20220218,5,1,7.96,6,7.96,6.29,1.26
1016,9,83,20220329,1,4,39.84,26,159.38,125.91,25.18
1017,18,119,20210104,4,1,19.1,16,19.1,15.09,3.02
1018,20,194,20220603,4,4,26.64,18,106.56,84.18,16.84
1019,9,141,20211020,2,3,34.3,26,102.89,81.28,16.26
1020,16,32,20230929,1,5,10.5,7,52.49,41.47,8.29
1021,6,80,20231016,5,1,13.76,10,13.76,10.87,2.17
1022,8,30,20210514,4,1,37.02,26,37.02,29.25,5.85
1023,16,184,20210810,3,5,10.17,7,50.84,40.16,8.03
1024,16,121,20220819,2,4,9.63,7,38.52,30.43,6.09
1025,7,154,20220705,5,2,21.45,14,42.9,33.89,6.78
1026,14,88,20220201,5,3,13.59,9,40.78,32.22,6.44
1027,10,151,20220210,5,4,49.04,32,196.18,154.98,31.0
1028,18,124,20221004,3,3,22.02,16,66.05,52.18,10.44
1029,13,117,20230220,3,2,9.54,6,19.08,15.07,3.01
1030,19,99,20211209,2,4,13.46,12,53.85,42.54,8.51
1031,16,181,20231205,4,4,11.16,7,44.64,35.27,7.05
1032,5,127,20230725,1,2,5.4,4,10.81,8.54,1.71
1033,11,26,20230427,4,1,10.9,8,10.9,8.61,1.72
1034,1,185,20221018,2,4,1105.54,720,4422.14,3493.49,698.7
1035,3,121,20210811,3,3,931.68,660,2795.03,2208.07,441.61
1036,3,85,20220726,6,5,851.4,660,4257.02,3363.05,672.61
1037,16,139,20220331,1,5,7.94,7,39.7,31.36,6.27
1038,10,59,20230626,6,1,42.14,32,42.14,33.29,6.66
1039,4,114,20210521,2,3,34.14,22,102.41,80.9,16.18
1040,11,15,20210309,3,3,10.3,8,30.9,24.41,4.88
1041,8,136,20210729,4,5,37.46,26,187.32,147.98,29.6
1042,6,45,20210916,1,5,15.35,10,76.77,60.65,12.13
1043,8,128,20230608,5,2,31.62,26,63.24,49.96,9.99
1044,9,118,20230705,3,1,40.29,26,40.29,31.83,6.37
1045,10,174,20221031,5,2,36.38,32,72.76,57.48,11.5
1046,19,77,20220511,6,4,17.34,12,69.37,54.8,10.96
1047,10,51,20221018,4,4,36.91,32,147.63,116.63,23.33
1048,19,92,20220701,5,3,19.16,12,57.47,45.4,9.08
1049,1,169,20220301,4,3,794.92,720,2384.75,1883.95,376.79
1050,2,156,20230912,6,4,1364.78,900,5459.11,4312.7,862.54
1051,8,156,20220216,3,2,36.88,26,73.75,58.26,11.65
1052,9,174,20230609,6,2,36.77,26,73.53,58.09,11.62
1053,2,80,20230620,4,1,1250.81,900,1250.81,988.14,197.63
1054,5,24,20231116,3,3,5.89,4,17.68,13.97,2.79
1055,7,34,20210909,5,3,19.12,14,57.35,45.31,9.06
1056,6,66,20220127,4,3,14.73,10,44.2,34.92,6.98
1057,4,120,20220502,1,2,32.5,22,64.99,51.34,10.27
1058,13,143,20211122,3,1,8.97,6,8.97,7.09,1.42
1059,9,138,20210121,1,4,33.39,26,133.57,105.52,21.1
1060,9,150,20231211,4,3,30.01,26,90.03,71.12,14.22
1061,16,7,20211202,5,5,8.85,7,44.24,34.95,6.99
1062,8,166,20230525,1,4,40.42,26,161.69,127.74,25.55
1063,14,30,20220310,2,1,14.16,9,14.16,11.19,2.24
1064,16,30,20220314,1,2,10.81,7,21.61,17.07,3.41
1065,13,117,20210714,3,5,7.86,6,39.29,31.04,6.21
1066,5,107,20231201,6,1,6.07,4,6.07,4.8,0.96
1067,14,72,20230602,1,3,10.88,9,32.63,25.78,5.16
1068,8,93,20220930,1,3,35.68,26,107.03,84.55,16.91
1069,12,16,20230714,4,3,5.97,5,17.92,14.16,2.83
1070,15,24,20210625,6,2,63.94,45,127.88,101.03,20.21
1071,1,13,20230508,3,2,1147.98,720,2295.95,1813.8,362.76
1072,7,18,20230322,5,2,19.5,14,39.01,30.82,6.16
1073,11,199,20211201,2,5,8.81,8,44.06,34.81,6.96
1074,5,139,20210728,3,2,4.62,4,9.24,7.3,1.46
1075,5,4,20210208,3,2,5.58,4,11.16,8.82,1.76
1076,6,68,20210125,1,2,14.71,10,29.42,23.24,4.65
1077,4,191,20230125,1,4,29.13,22,116.52,92.05,18.41
1078,17,152,20220603,1,4,74.36,55,297.42,234.96,46.99
1079,2,187,20230601,6,5,1125.73,900,5628.67,4446.65,889.33
1080,1,16,20230712,4,4,945.46,720,3781.83,2987.65,597.53
1081,16,183,20210604,4,1,10.85,7,10.85,8.57,1.71
1082,20,38,20220407,1,2,22.28,18,44.55,35.19,7.04
1083,19,141,20230628,6,3,15.49,12,46.46,36.7,7.34
1084,17,76,20230508,4,5,77.15,55,385.75,304.74,60.95
1085,4,168,20210524,6,5,32.13,22,160.65,126.91,25.38
1086,14,116,20211105,2,4,11.43,9,45.7,36.1,7.22
1087,13,107,20221013,6,1,7.54,6,7.54,5.96,1.19
1088,9,96,20220325,2,4,29.47,26,117.89,93.13,18.63
1089,3,111,20210504,1,3,993.88,660,2981.65,2355.5,471.1
1090,2,151,20230309,5,5,1138.34,900,5691.7,4496.44,899.29
1091,14,91,20210625,6,4,13.81,9,55.23,43.63,8.73
1092,2,74,20231101,5,3,1148.24,900,3444.72,2721.33,544.27
1093,17,55,20230410,2,4,66.67,55,266.67,210.67,42.13
1094,12,143,20210604,3,1,7.41,5,7.41,5.85,1.17
1095,8,110,20230404,5,5,36.58,26,182.88,144.48,28.9
1096,18,7,20230712,5,3,17.83,16,53.49,42.26,8.45
1097,10,87,20220127,3,1,38.1,32,38.1,30.1,6.02
1098,19,169,20210726,4,1,14.05,12,14.05,11.1,2.22
1099,1,24,20230628,6,5,869.45,720,4347.24,3434.32,686.86
1100,15,88,20220825,2,3,56.51,45,169.54,133.94,26.79
1101,19,153,20220412,1,1,14.13,12,14.13,11.16,2.23
1102,20,13,20231219,6,1,22.25,18,22.25,17.58,3.52
1103,14,125,20230808,5,4,11.76,9,47.06,37.18,7.44
1104,17,30,20211105,3,4,63.55,55,254.2,200.82,40.16
1105,19,125,20230831,5,3,13.47,12,40.42,31.93,6.39
1106,20,15,20220721,1,2,22.51,18,45.03,35.57,7.11
1107,5,196,20211101,3,3,5.06,4,15.17,11.98,2.4
1108,16,192,20210112,4,2,8.15,7,16.3,12.88,2.58
1109,8,129,20230203,5,3,29.54,26,88.61,70.0,14.0
1110,2,112,20231130,1,4,1404.52,900,5618.09,4438.29,887.66
1111,19,110,20220325,5,4,17.46,12,69.83,55.17,11.03
1112,10,30,20220823,4,1,50.66,32,50.66,40.02,8.0
1113,20,118,20210903,6,3,20.59,18,61.78,48.81,9.76
1114,8,112,20210602,5,4,35.41,26,141.65,111.9,22.38
1115,10,191,20220722,3,2,40.53,32,81.06,64.04,12.81
1116,3,131,20210831,6,1,901.1,660,901.1,711.87,142.37
1117,12,90,20211006,6,2,6.09,5,12.18,9.62,1.92
1118,9,51,20210729,2,5,30.59,26,152.94,120.82,24.16
1119,3,46,20231226,6,4,879.1,660,3516.42,2777.97,555.59
1120,19,115,20230321,6,5,17.06,12,85.29,67.38,13.48
1121,11,161,20230615,3,2,10.56,8,21.12,16.68,3.34
1122,15,162,20221104,3,3,62.81,45,188.42,148.85,29.77
1123,17,19,20220520,3,4,72.93,55,291.71,230.45,46.09
1124,12,74,20210324,1,1,7.04,5,7.04,5.56,1.11
1125,13,119,20221229,5,5,9.46,6,47.31,37.37,7.47
1126,2,116,20231127,5,2,1134.69,900,2269.37,1792.8,358.56
1127,17,39,20221115,1,4,63.35,55,253.39,200.18,40.04
1128,3,130,20220509,6,2,738.92,660,1477.83,1167.49,233.5
1129,15,113,20231012,5,5,63.22,45,316.1,249.72,49.94
1130,12,73,20220607,4,4,7.44,5,29.74,23.49,4.7
1131,20,14,20230901,6,3,20.39,18,61.18,48.33,9.67
1132,18,174,20210517,4,3,19.62,16,58.85,46.49,9.3
1133,20,39,20230801,3,1,25.04,18,25.04,19.78,3.96
1134,12,80,20210722,6,4,5.82,5,23.29,18.4,3.68
1135,3,80,20231013,5,4,938.35,660,3753.41,2965.19,593.04
1136,5,172,20220418,6,5,4.59,4,22.93,18.11,3.62
1137,14,131,20230821,3,1,11.53,9,11.53,9.11,1.82
1138,7,88,20210916,4,2,16.99,14,33.97,26.84,5.37
1139,5,20,20210716,3,1,5.42,4,5.42,4.28,0.86
1140,17,10,20230214,6,3,84.6,55,253.8,200.5,40.1
1141,5,153,20230606,4,2,4.72,4,9.45,7.47,1.49
1142,20,43,20230921,6,4,20.19,18,80.77,63.81,12.76
1143,8,114,20220608,5,3,38.38,26,115.14,90.96,18.19
1144,8,137,20221006,2,3,41.15,26,123.46,97.53,19.51
1145,7,95,20221104,6,5,22.29,14,111.46,88.05,17.61
1146,10,200,20221025,4,5,43.64,32,218.2,172.38,34.48
1147,7,155,20210820,2,3,15.77,14,47.3,37.37,7.47
1148,12,142,20221122,1,5,7.63,5,38.14,30.13,6.03
1149,3,196,20220214,2,3,874.28,660,2622.83,2072.04,414.41
1150,5,112,20230106,1,2,6.03,4,12.07,9.54,1.91
1151,1,107,20220517,1,4,972.72,720,3890.89,3073.8,614.76
1152,13,21,20211206,3,2,6.68,6,13.37,10.56,2.11
1153,11,38,20210524,2,1,9.95,8,9.95,7.86,1.57
1154,5,195,20221109,6,4,5.3,4,21.19,16.74,3.35
1155,3,5,20210108,3,2,1001.54,660,2003.08,1582.43,316.49
1156,20,136,20230227,4,1,26.79,18,26.79,21.16,4.23
1157,10,32,20211208,1,2,41.92,32,83.83,66.23,13.25
1158,15,17,20230613,1,4,62.93,45,251.71,198.85,39.77
1159,17,148,20210125,2,2,68.51,55,137.02,108.25,21.65
1160,20,91,20210104,2,5,23.55,18,117.75,93.02,18.6
1161,3,135,20230811,3,1,1040.62,660,1040.62,822.09,164.42
1162,17,130,20230221,5,1,71.24,55,71.24,56.28,11.26
1163,2,163,20221107,4,3,1104.14,900,3312.43,2616.82,523.36
1164,12,18,20210125,3,2,7.33,5,14.66,11.58,2.32
1165,4,198,20230621,5,3,25.67,22,77.0,60.83,12.17
1166,18,87,20220520,6,2,24.24,16,48.49,38.31,7.66
1167,15,179,20230911,4,2,67.76,45,135.52,107.06,21.41
1168,15,10,20210401,3,2,50.49,45,100.97,79.77,15.95
1169,2,81,20211014,3,5,1169.2,900,5846.0,4618.34,923.67
1170,16,65,20230220,1,2,8.7,7,17.4,13.75,2.75
1171,11,70,20210310,1,3,10.55,8,31.64,25.0,5.0
1172,15,99,20220728,3,2,60.66,45,121.33,95.85,19.17
1173,12,133,20221215,3,1,7.32,5,7.32,5.78,1.16
1174,14,155,20210423,2,5,11.22,9,56.11,44.33,8.87
1175,3,84,20210528,6,3,827.14,660,2481.43,1960.33,392.07
1176,14,43,20230516,6,4,11.48,9,45.93,36.28,7.26
1177,12,158,20210303,4,3,7.1,5,21.3,16.83,3.37
1178,3,172,20210324,6,4,845.89,660,3383.57,2673.02,534.6
1179,6,8,20231212,2,5,14.39,10,71.95,56.84,11.37
1180,2,33,20220921,1,2,1340.33,900,2680.66,2117.72,423.54
1181,12,99,20220610,5,1,7.01,5,7.01,5.54,1.11
1182,15,95,20230901,3,4,66.67,45,266.68,210.68,42.14
1183,5,136,20230404,3,4,5.03,4,20.12,15.89,3.18
1184,8,30,20220204,1,2,35.09,26,70.18,55.44,11.09
1185,18,31,20220711,3,3,23.23,16,69.7,55.06,11.01
1186,20,74,20211104,6,4,21.6,18,86.41,68.26,13.65
1187,3,116,20210714,2,4,1055.1,660,4220.39,3334.11,666.82
1188,11,171,20230906,3,1,11.0,8,11.0,8.69,1.74
1189,10,41,20220222,6,2,47.9,32,95.8,75.68,15.14
1190,8,32,20221230,2,2,31.68,26,63.36,50.05,10.01
1191,1,93,20221209,5,5,924.81,720,4624.04,3652.99,730.6
1192,5,157,20230302,1,1,5.02,4,5.02,3.97,0.79
1193,16,135,20231026,4,4,10.58,7,42.33,33.44,6.69
1194,5,82,20210416,6,1,5.3,4,5.3,4.19,0.84
1195,17,89,20230904,2,5,78.09,55,390.47,308.47,61.69
1196,5,111,20210920,5,1,6.06,4,6.06,4.79,0.96
1197,5,78,20230113,2,2,5.05,4,10.09,7.97,1.59
1198,8,89,20231016,5,3,39.6,26,118.79,93.84,18.77
1199,7,163,20211227,5,3,16.28,14,48.83,38.58,7.72
1200,20,137,20220311,1,5,25.57,18,127.84,100.99,20.2
1201,19,40,20230501,2,5,17.52,12,87.62,69.22,13.84
1202,11,145,20230518,1,1,9.12,8,9.12,7.2,1.44
1203,19,68,20230710,6,2,17.8,12,35.6,28.12,5.62
1204,20,164,20220822,1,4,27.8,18,111.2,87.85,17.57
1205,10,165,20230222,3,4,39.12,32,156.47,123.61,24.72
1206,13,77,20230911,4,1,8.67,6,8.67,6.85,1.37
1207,15,107,20210816,4,4,54.09,45,216.36,170.92,34.18
1208,5,81,20230522,6,3,5.87,4,17.61,13.91,2.78
1209,13,34,20220511,3,5,8.28,6,41.42,32.72,6.54
1210,8,120,20220404,1,3,34.44,26,103.33,81.63,16.33
1211,4,13,20210722,3,4,33.71,22,134.82,106.51,21.3
1212,8,41,20220824,3,5,37.97,26,189.87,150.0,30.0
1213,6,128,20210930,5,4,13.49,10,53.98,42.64,8.53
1214,16,6,20220318,1,4,9.47,7,37.88,29.93,5.99
1215,7,150,20211213,3,1,15.75,14,15.75,12.44,2.49
1216,20,168,20221212,6,4,22.37,18,89.49,70.7,14.14
1217,4,111,20210113,2,3,32.2,22,96.61,76.32,15.26
1218,12,12,20220802,4,1,6.93,5,6.93,5.47,1.09
1219,12,142,20211007,3,1,6.47,5,6.47,5.11,1.02
1220,18,72,20221010,5,5,18.55,16,92.75,73.27,14.65
1221,13,96,20210520,3,5,9.42,6,47.08,37.19,7.44
1222,5,51,20231220,5,5,5.2,4,26.01,20.55,4.11
1223,2,10,20210301,2,3,1351.78,900,4055.35,3203.73,640.75
1224,15,39,20230116,5,5,52.65,45,263.23,207.95,41.59
1225,11,42,20230530,4,5,11.76,8,58.79,46.44,9.29
1226,19,87,20220307,5,5,16.39,12,81.97,64.76,12.95
1227,19,77,20231013,4,1,15.41,12,15.41,12.17,2.43
1228,4,107,20230824,5,3,32.96,22,98.89,78.12,15.62
1229,1,153,20231107,4,3,1140.15,720,3420.44,2702.15,540.43
1230,19,59,20230411,6,1,16.7,12,16.7,13.19,2.64
1231,17,162,20210902,6,5,81.8,55,409.01,323.12,64.62
1232,5,175,20220630,2,1,5.55,4,5.55,4.38,0.88
1233,4,49,20231003,1,4,27.65,22,110.6,87.37,17.47
1234,14,177,20210806,2,4,12.16,9,48.63,38.42,7.68
1235,16,189,20230529,6,1,10.17,7,10.17,8.03,1.61
1236,7,144,20230116,3,4,19.08,14,76.31,60.28,12.06
1237,6,118,20220328,5,3,13.73,10,41.19,32.54,6.51
1238,9,157,20230829,4,2,41.05,26,82.09,64.85,12.97
1239,18,77,20220204,2,3,23.77,16,71.31,56.33,11.27
1240,7,177,20231009,6,4,17.62,14,70.48,55.68,11.14
1241,18,185,20220517,3,3,18.57,16,55.72,44.02,8.8
1242,18,98,20230829,4,3,25.24,16,75.71,59.81,11.96
1243,10,11,20210729,3,1,40.74,32,40.74,32.18,6.44
1244,9,192,20220927,4,2,31.23,26,62.45,49.34,9.87
1245,9,144,20230213,6,3,30.38,26,91.15,72.01,14.4
1246,19,62,20230602,2,1,17.22,12,17.22,13.6,2.72
1247,8,164,20230201,2,1,29.9,26,29.9,23.62,4.72
1248,16,26,20220420,6,2,7.72,7,15.44,12.2,2.44
1249,6,105,20230301,6,4,13.39,10,53.55,42.3,8.46
1250,10,83,20211014,3,1,49.73,32,49.73,39.29,7.86
1251,19,60,20210510,5,1,18.68,12,18.68,14.76,2.95
1252,14,46,20210909,1,4,13.45,9,53.78,42.49,8.5
1253,10,10,20210924,1,3,44.29,32,132.86,104.96,20.99
1254,11,73,20210603,4,5,10.9,8,54.49,43.05,8.61
1255,17,120,20210713,3,2,82.74,55,165.48,130.73,26.15
1256,6,188,20220420,4,3,14.59,10,43.78,34.59,6.92
1257,11,76,20210121,5,2,9.5,8,19.0,15.01,3.0
1258,13,110,20230706,5,3,6.86,6,20.58,16.26,3.25
1259,4,48,20230818,2,4,27.76,22,111.04,87.72,17.54
1260,1,67,20211223,4,2,952.82,720,1905.65,1505.46,301.09
1261,11,78,20220119,5,5,8.85,8,44.23,34.94,6.99
1262,12,178,20230727,2,1,7.17,5,7.17,5.66,1.13
1263,10,41,20221031,4,5,49.97,32,249.85,197.38,39.48
1264,10,177,20231006,1,3,41.08,32,123.24,97.36,19.47
1265,8,35,20211115,4,2,34.51,26,69.03,54.53,10.91
1266,12,107,20230519,6,5,7.78,5,38.91,30.74,6.15
1267,18,171,20231222,2,2,23.04,16,46.09,36.41,7.28
1268,3,135,20230505,4,5,958.24,660,4791.21,3785.06,757.01
1269,19,29,20210422,1,5,18.62,12,93.09,73.54,14.71
1270,19,138,20211019,2,2,15.17,12,30.34,23.97,4.79
1271,15,30,20230117,6,2,65.63,45,131.26,103.7,20.74
1272,3,131,20221202,4,1,875.63,660,875.63,691.75,138.35
1273,14,117,20230106,5,1,12.41,9,12.41,9.8,1.96
1274,10,186,20230823,1,4,39.27,32,157.09,124.1,24.82
1275,7,149,20210106,1,1,18.37,14,18.37,14.51,2.9
1276,3,139,20231003,1,1,1051.43,660,1051.43,830.63,166.13
1277,2,74,20221109,4,2,1336.04,900,2672.07,2110.94,422.19
1278,14,96,20230710,4,4,13.81,9,55.25,43.65,8.73
1279,13,21,20220627,6,5,7.0,6,34.99,27.64,5.53
1280,4,46,20220516,5,4,30.02,22,120.07,94.86,18.97
1281,8,1,20231110,1,3,34.62,26,103.86,82.05,16.41
1282,18,109,20231030,5,4,24.19,16,96.75,76.43,15.29
1283,15,89,20211222,2,3,53.74,45,161.22,127.36,25.47
1284,4,9,20231107,6,4,30.96,22,123.86,97.85,19.57
1285,8,53,20210125,1,1,36.32,26,36.32,28.69,5.74
1286,20,173,20221004,6,1,22.0,18,22.0,17.38,3.48
1287,13,113,20210305,2,5,7.25,6,36.26,28.65,5.73
1288,5,129,20210323,3,2,6.03,4,12.06,9.53,1.91
1289,19,82,20231116,5,5,17.84,12,89.18,70.45,14.09
1290,8,78,20220406,2,5,31.47,26,157.37,124.32,24.86
1291,9,16,20220308,5,5,40.04,26,200.18,158.14,31.63
1292,14,143,20210909,4,1,14.28,9,14.28,11.28,2.26
1293,13,135,20230712,3,4,7.82,6,31.3,24.73,4.95
1294,13,48,20220308,5,4,7.32,6,29.29,23.14,4.63
1295,10,182,20211119,2,4,49.84,32,199.34,157.48,31.5
1296,14,107,20230317,5,5,10.5,9,52.52,41.49,8.3
1297,9,53,20211215,3,1,40.59,26,40.59,32.07,6.41
1298,3,138,20220616,6,2,743.01,660,1486.01,1173.95,234.79
1299,20,155,20220627,1,1,21.49,18,21.49,16.98,3.4
1300,19,186,20231228,6,5,14.5,12,72.51,57.28,11.46
1301,11,78,20211027,1,2,12.55,8,25.1,19.83,3.97
1302,4,192,20231130,4,2,31.85,22,63.7,50.32,10.06
1303,7,102,20231006,2,5,17.65,14,88.26,69.73,13.95
1304,13,120,20220210,5,3,7.53,6,22.58,17.84,3.57
1305,17,128,20220601,4,1,82.58,55,82.58,65.24,13.05
1306,16,195,20231102,3,2,9.0,7,17.99,14.21,2.84
1307,2,145,20220817,2,2,997.3,900,1994.6,1575.73,315.15
1308,19,149,20230306,6,4,14.97,12,59.88,47.31,9.46
1309,11,59,20211008,4,5,12.13,8,60.67,47.93,9.59
1310,18,168,20221219,6,3,19.66,16,58.98,46.59,9.32
1311,16,118,20221202,2,3,8.29,7,24.88,19.66,3.93
1312,18,126,20231031,2,5,25.52,16,127.61,100.81,20.16
1313,17,9,20210326,1,1,81.52,55,81.52,64.4,12.88
1314,5,162,20220816,2,1,5.81,4,5.81,4.59,0.92
1315,7,130,20210114,4,3,15.82,14,47.47,37.5,7.5
1316,20,124,20230705,6,4,19.94,18,79.77,63.02,12.6
1317,18,106,20230202,1,1,21.84,16,21.84,17.25,3.45
1318,18,74,20220131,1,5,24.11,16,120.53,95.22,19.04
1319,14,46,20230825,1,1,12.26,9,12.26,9.69,1.94
1320,7,159,20211213,5,3,21.11,14,63.32,50.02,10.0
1321,13,21,20220119,3,4,7.98,6,31.91,25.21,5.04
1322,8,77,20211216,6,1,37.1,26,37.1,29.31,5.86
1323,2,24,20230721,4,4,1159.73,900,4638.91,3664.74,732.95
1324,2,164,20221115,1,2,1027.21,900,2054.42,1622.99,324.6
1325,11,145,20220915,1,5,12.48,8,62.38,49.28,9.86
1326,7,178,20211126,5,4,17.3,14,69.19,54.66,10.93
1327,9,140,20210419,5,1,30.93,26,30.93,24.43,4.89
1328,1,54,20220329,5,2,1062.81,720,2125.62,1679.24,335.85
1329,13,20,20231019,3,2,8.29,6,16.58,13.1,2.62
1330,13,174,20230324,5,3,7.75,6,23.25,18.37,3.67
1331,5,177,20231128,6,1,5.4,4,5.4,4.27,0.85
1332,2,26,20220512,4,2,1367.4,900,2734.81,2160.5,432.1
1333,20,197,20220504,5,5,23.37,18,116.85,92.31,18.46
1334,1,163,20220414,3,4,968.62,720,3874.47,3060.83,612.17
1335,18,97,20220526,4,2,23.04,16,46.08,36.4,7.28
1336,13,22,20230807,5,3,8.99,6,26.98,21.31,4.26
1337,3,22,20231020,3,2,851.4,660,1702.8,1345.21,269.04
1338,5,190,20230629,4,3,5.12,4,15.36,12.13,2.43
1339,1,79,20210512,4,3,1066.08,720,3198.25,2526.62,505.32
1340,5,23,20210527,2,4,5.3,4,21.19,16.74,3.35
1341,17,105,20230308,1,1,62.96,55,62.96,49.74,9.95
1342,3,153,20230307,5,3,1011.03,660,3033.08,2396.13,479.23
1343,10,106,20210119,4,1,46.8,32,46.8,36.97,7.39
1344,8,147,20230314,5,2,37.51,26,75.02,59.27,11.85
1345,5,69,20210901,3,3,5.39,4,16.16,12.77,2.55
1346,6,112,20210401,3,4,12.5,10,50.0,39.5,7.9
1347,12,65,20210421,2,4,6.98,5,27.94,22.07,4.41
1348,15,28,20211008,2,3,49.65,45,148.96,117.68,23.54
1349,11,159,20220722,4,3,10.56,8,31.68,25.03,5.01
1350,20,35,20220909,3,3,25.23,18,75.69,59.8,11.96
1351,7,123,20230925,3,2,22.15,14,44.3,35.0,7.0
1352,10,189,20220404,6,4,50.68,32,202.74,160.16,32.03
1353,11,97,20211215,3,4,10.26,8,41.04,32.42,6.48
1354,7,152,20230321,5,2,20.17,14,40.34,31.87,6.37
1355,1,187,20230301,4,2,949.84,720,1899.69,1500.76,300.15
1356,3,105,20220223,6,4,771.93,660,3087.72,2439.3,487.86
1357,8,65,20220311,6,2,37.9,26,75.8,59.88,11.98
1358,3,115,20220627,5,4,918.14,660,3672.56,2901.32,580.26
1359,17,178,20230207,4,5,61.51,55,307.56,242.97,48.59
1360,18,153,20220601,6,1,18.47,16,18.47,14.59,2.92
1361,12,43,20211223,6,5,5.61,5,28.05,22.16,4.43
1362,13,193,20230714,3,4,6.92,6,27.67,21.86,4.37
1363,9,57,20210521,5,5,35.85,26,179.27,141.62,28.32
1364,19,57,20230914,4,3,15.55,12,46.64,36.85,7.37
1365,19,177,20230901,5,2,15.27,12,30.54,24.13,4.83
1366,16,27,20210205,3,4,10.92,7,43.69,34.52,6.9
1367,4,187,20210504,2,3,27.63,22,82.89,65.48,13.1
1368,7,134,20221017,4,3,18.73,14,56.2,44.4,8.88
1369,15,82,20220921,1,3,50.51,45,151.52,119.7,23.94
1370,4,6,20231017,3,1,31.65,22,31.65,25.0,5.0
1371,8,133,20210825,2,5,30.68,26,153.41,121.19,24.24
1372,14,119,20230315,2,4,12.73,9,50.94,40.24,8.05
1373,14,102,20210924,1,5,13.87,9,69.37,54.8,10.96
1374,19,110,20221007,4,1,17.43,12,17.43,13.77,2.75
1375,9,193,20211022,6,1,36.11,26,36.11,28.53,5.71
1376,6,94,20230209,3,2,13.29,10,26.58,21.0,4.2
1377,16,136,20220112,6,3,9.79,7,29.37,23.2,4.64
1378,13,151,20230526,1,3,7.66,6,22.97,18.15,3.63
1379,20,45,20221019,6,3,28.07,18,84.2,66.52,13.3
1380,3,173,20230427,2,3,764.89,660,2294.68,1812.8,362.56
1381,4,47,20220315,3,2,29.82,22,59.64,47.12,9.42
1382,20,36,20220824,5,4,23.61,18,94.43,74.6,14.92
1383,18,178,20221130,6,2,22.04,16,44.08,34.82,6.96
1384,10,36,20221205,2,3,48.67,32,146.02,115.36,23.07
1385,2,92,20230608,1,4,1051.44,900,4205.76,3322.55,664.51
1386,18,130,20220706,6,4,20.87,16,83.49,65.96,13.19
1387,14,182,20221207,4,4,10.65,9,42.61,33.66,6.73
1388,1,195,20230322,2,3,803.77,720,2411.31,1904.93,380.99
1389,18,74,20211119,2,4,22.13,16,88.5,69.92,13.98
1390,18,131,20221213,1,5,18.51,16,92.57,73.13,14.63
1391,12,139,20230220,1,4,6.87,5,27.46,21.69,4.34
1392,4,189,20220902,6,2,27.47,22,54.95,43.41,8.68
1393,15,68,20210217,3,1,59.38,45,59.38,46.91,9.38
1394,8,54,20210618,6,5,37.56,26,187.79,148.35,29.67
1395,20,162,20231017,4,2,25.35,18,50.69,40.05,8.01
1396,7,16,20211025,5,3,19.13,14,57.38,45.33,9.07
1397,18,44,20230508,3,3,19.91,16,59.74,47.19,9.44
1398,17,174,20220119,1,2,86.98,55,173.95,137.42,27.48
1399,2,71,20220815,6,2,1305.64,900,2611.28,2062.91,412.58
1400,8,38,20210709,6,3,39.37,26,118.11,93.31,18.66
1401,13,126,20231228,2,5,8.5,6,42.49,33.57,6.71
1402,14,97,20230620,4,1,12.75,9,12.75,10.07,2.01
1403,13,132,20210514,6,3,8.68,6,26.05,20.58,4.12
1404,15,125,20220614,3,5,49.56,45,247.78,195.75,39.15
1405,3,188,20231117,4,3,1006.54,660,3019.61,2385.49,477.1
1406,13,56,20230207,4,2,8.08,6,16.17,12.77,2.55
1407,10,87,20220408,5,5,37.29,32,186.45,147.3,29.46
1408,11,175,20221128,1,1,9.2,8,9.2,7.27,1.45
1409,1,32,20221021,2,4,956.35,720,3825.39,3022.06,604.41
1410,7,177,20220907,2,3,16.51,14,49.54,39.14,7.83
1411,3,168,20220128,3,3,753.2,660,2259.6,1785.08,357.02
1412,6,14,20230811,4,3,14.63,10,43.89,34.67,6.93
1413,8,110,20231220,6,1,37.75,26,37.75,29.82,5.96
1414,7,123,20210104,1,2,19.56,14,39.11,30.9,6.18
1415,15,3,20230116,1,3,67.88,45,203.65,160.88,32.18
1416,5,123,20220830,1,2,5.17,4,10.33,8.16,1.63
1417,4,27,20231115,3,3,33.89,22,101.67,80.32,16.06
1418,13,199,20210716,2,2,6.81,6,13.61,10.75,2.15
1419,1,157,20230320,6,2,950.44,720,1900.87,1501.69,300.34
1420,7,161,20231102,6,2,21.84,14,43.68,34.51,6.9
1421,15,56,20230602,1,1,52.65,45,52.65,41.59,8.32
1422,19,187,20210628,4,3,18.98,12,56.94,44.98,9.0
1423,5,64,20220329,3,1,4.9,4,4.9,3.87,0.77
1424,20,185,20230512,5,3,26.81,18,80.43,63.54,12.71
1425,1,169,20230919,3,2,978.39,720,1956.78,1545.86,309.17
1426,7,192,20230102,4,3,19.92,14,59.77,47.22,9.44
1427,16,99,20211210,1,2,9.45,7,18.9,14.93,2.99
1428,3,136,20230503,1,3,1034.2,660,3102.59,2451.05,490.21
1429,13,146,20210709,4,3,8.24,6,24.72,19.53,3.91
1430,16,198,20210906,1,1,9.76,7,9.76,7.71,1.54
1431,9,56,20210121,1,1,40.93,26,40.93,32.33,6.47
1432,17,74,20220726,6,5,81.6,55,407.98,322.3,64.46
1433,13,22,20220831,6,5,8.21,6,41.06,32.44,6.49
1434,9,22,20210809,3,1,35.25,26,35.25,27.85,5.57
1435,5,138,20211020,3,4,5.57,4,22.29,17.61,3.52
1436,3,80,20230721,6,4,966.89,660,3867.55,3055.36,611.07
1437,2,63,20211209,1,4,1042.19,900,4168.78,3293.34,658.67
1438,20,15,20230529,3,2,20.87,18,41.75,32.98,6.6
1439,5,180,20231012,1,2,5.39,4,10.79,8.52,1.7
1440,17,133,20220513,6,3,65.09,55,195.27,154.26,30.85
1441,9,188,20210701,1,1,32.96,26,32.96,26.04,5.21
1442,9,135,20220908,1,3,37.86,26,113.58,89.73,17.95
1443,3,128,20230407,4,5,844.84,660,4224.2,3337.12,667.42
1444,19,43,20221219,3,2,14.73,12,29.46,23.27,4.65
1445,19,173,20210528,6,1,14.57,12,14.57,11.51,2.3
1446,1,12,20230102,1,2,808.55,720,1617.11,1277.52,255.5
1447,13,39,20220607,2,1,8.26,6,8.26,6.53,1.31
1448,14,58,20231023,3,2,11.77,9,23.55,18.6,3.72
1449,11,70,20231031,1,5,10.29,8,51.46,40.65,8.13
1450,2,46,20221222,2,5,1431.64,900,7158.18,5654.96,1130.99
1451,3,120,20220729,3,3,834.01,660,2502.03,1976.6,395.32
1452,15,3,20230306,3,2,56.06,45,112.12,88.57,17.71
1453,20,63,20220314,4,3,25.13,18,75.38,59.55,11.91
1454,7,188,20221209,5,2,16.45,14,32.91,26.0,5.2
1455,1,60,20220811,5,3,1020.94,720,3062.82,2419.63,483.93
1456,1,86,20230922,1,4,1097.64,720,4390.57,3468.55,693.71
1457,10,27,20231109,2,5,50.93,32,254.65,201.17,40.23
1458,16,16,20220825,2,3,8.03,7,24.08,19.02,3.8
1459,17,106,20211130,6,3,73.11,55,219.32,173.26,34.65
1460,3,149,20231208,1,5,770.06,660,3850.3,3041.74,608.35
1461,3,152,20220720,5,1,869.54,660,869.54,686.94,137.39
1462,8,75,20210707,3,3,40.64,26,121.92,96.32,19.26
1463,11,82,20220719,4,3,9.73,8,29.2,23.07,4.61
1464,5,200,20211019,5,1,4.71,4,4.71,3.72,0.74
1465,15,120,20210825,3,4,52.22,45,208.87,165.01,33.0
1466,7,116,20220530,3,4,17.26,14,69.02,54.53,10.91
1467,3,41,20210622,6,3,998.71,660,2996.12,2366.93,473.39
1468,20,11,20230927,2,3,21.13,18,63.4,50.09,10.02
1469,8,92,20231018,4,5,29.24,26,146.18,115.48,23.1
1470,9,45,20220307,1,4,39.71,26,158.84,125.48,25.1
1471,18,64,20230309,1,4,18.42,16,73.66,58.19,11.64
1472,4,4,20210721,1,2,25.64,22,51.28,40.51,8.1
1473,12,176,20220729,6,1,6.96,5,6.96,5.5,1.1
1474,3,6,20220107,1,2,1023.82,660,2047.65,1617.64,323.53
1475,5,24,20220929,3,1,4.49,4,4.49,3.55,0.71
1476,2,44,20221025,5,4,1359.76,900,5439.03,4296.83,859.37
1477,16,8,20220721,4,4,8.3,7,33.22,26.24,5.25
1478,6,71,20211104,3,4,15.42,10,61.67,48.72,9.74
1479,20,159,20210219,5,2,25.63,18,51.25,40.49,8.1
1480,14,141,20221216,4,1,10.29,9,10.29,8.13,1.63
1481,5,108,20220705,2,5,4.9,4,24.49,19.35,3.87
1482,1,98,20230220,6,3,964.69,720,2894.06,2286.31,457.26
1483,12,145,20221128,5,3,6.47,5,19.41,15.33,3.07
1484,1,82,20210916,5,2,802.55,720,1605.1,1268.03,253.61
1485,2,121,20220208,5,3,1335.08,900,4005.24,3164.14,632.83
1486,6,26,20211201,2,2,12.33,10,24.67,19.49,3.9
1487,2,196,20231123,2,5,1370.93,900,6854.64,5415.17,1083.03
1488,12,45,20220712,2,2,6.98,5,13.96,11.03,2.21
1489,12,152,20231124,1,3,7.87,5,23.61,18.65,3.73
1490,5,145,20230321,2,4,5.48,4,21.94,17.33,3.47
1491,16,10,20210909,1,1,8.51,7,8.51,6.72,1.34
1492,1,135,20211111,4,1,911.42,720,911.42,720.02,144.0
1493,7,34,20230531,3,2,21.83,14,43.66,34.49,6.9
1494,2,6,20220411,2,5,1307.11,900,6535.57,5163.1,1032.62
1495,4,135,20210723,3,1,28.31,22,28.31,22.36,4.47
1496,13,151,20230809,1,3,7.51,6,22.52,17.79,3.56
1497,6,188,20210715,4,4,14.25,10,56.98,45.01,9.0
1498,18,178,20210908,5,3,19.39,16,58.16,45.95,9.19
1499,6,97,20230426,3,3,11.64,10,34.91,27.58,5.52
1500,1,180,20231113,5,4,1098.27,720,4393.09,3470.54,694.11
1501,2,47,20230327,5,3,1404.47,900,4213.4,3328.59,665.72
1502,8,164,20230529,5,1,40.78,26,40.78,32.22,6.44
1503,11,191,20210722,1,2,10.19,8,20.37,16.09,3.22
1504,6,163,20220405,1,3,13.23,10,39.7,31.36,6.27
1505,7,64,20220117,6,1,17.85,14,17.85,14.1,2.82
1506,1,13,20210604,4,4,1055.73,720,4222.92,3336.11,667.22
1507,14,127,20210827,4,3,12.36,9,37.07,29.29,5.86
1508,16,148,20210526,6,2,8.27,7,16.54,13.07,2.61
1509,2,76,20210416,1,3,1107.51,900,3322.52,2624.79,524.96
1510,3,88,20210601,2,4,779.1,660,3116.39,2461.95,492.39
1511,18,24,20210419,3,5,25.48,16,127.41,100.65,20.13
1512,1,111,20221124,6,2,1010.63,720,2021.27,1596.8,319.36
1513,6,14,20220915,1,3,12.03,10,36.08,28.5,5.7
1514,14,179,20210930,5,5,11.09,9,55.47,43.82,8.76
1515,10,61,20220209,1,1,41.49,32,41.49,32.78,6.56
1516,16,40,20230228,1,3,7.71,7,23.14,18.28,3.66
1517,10,170,20210506,6,5,42.89,32,214.43,169.4,33.88
1518,1,53,20210520,2,3,1143.74,720,3431.22,2710.66,542.13
1519,4,79,20221110,4,4,29.58,22,118.32,93.47,18.69
1520,9,24,20230807,6,5,33.64,26,168.19,132.87,26.57
1521,13,95,20220616,2,4,6.73,6,26.94,21.28,4.26
1522,15,68,20220923,2,3,62.2,45,186.59,147.41,29.48
1523,4,22,20210805,6,3,33.09,22,99.27,78.42,15.68
1524,19,59,20220817,5,1,18.24,12,18.24,14.41,2.88
1525,14,138,20230120,6,4,12.48,9,49.91,39.43,7.89
1526,16,77,20211206,1,4,10.86,7,43.44,34.32,6.86
1527,2,129,20231023,5,5,1350.2,900,6751.01,5333.3,1066.66
1528,20,38,20230830,1,4,21.36,18,85.42,67.48,13.5
1529,7,50,20210830,2,1,18.36,14,18.36,14.5,2.9
1530,14,52,20230907,6,2,13.65,9,27.31,21.57,4.31
1531,11,187,20220106,1,1,10.35,8,10.35,8.18,1.64
1532,18,84,20220725,3,5,21.27,16,106.33,84.0,16.8
1533,20,151,20210119,5,4,20.81,18,83.25,65.77,13.15
1534,5,146,20210804,5,5,5.92,4,29.58,23.37,4.67
1535,4,145,20210525,1,3,33.74,22,101.23,79.97,15.99
1536,14,68,20220510,4,4,12.47,9,49.9,39.42,7.88
1537,2,45,20221110,3,4,1054.73,900,4218.93,3332.95,666.59
1538,13,10,20230524,4,3,8.67,6,26.01,20.55,4.11
1539,16,69,20210312,3,1,8.88,7,8.88,7.02,1.4
1540,10,72,20220311,4,1,50.76,32,50.76,40.1,8.02
1541,5,77,20211124,6,4,5.95,4,23.79,18.79,3.76
1542,9,187,20220406,4,5,36.99,26,184.96,146.12,29.22
1543,15,55,20210928,4,4,66.59,45,266.35,210.42,42.08
1544,2,132,20220621,2,1,1130.01,900,1130.01,892.71,178.54
1545,13,35,20221228,5,5,6.69,6,33.43,26.41,5.28
1546,7,15,20211005,2,1,18.6,14,18.6,14.69,2.94
1547,7,71,20220602,3,4,18.94,14,75.74,59.83,11.97
1548,4,175,20230630,1,2,28.3,22,56.59,44.71,8.94
1549,15,46,20230503,4,5,61.91,45,309.53,244.53,48.91
1550,6,67,20220510,6,1,12.43,10,12.43,9.82,1.96
1551,2,42,20220708,5,2,1375.7,900,2751.4,2173.61,434.72
1552,8,174,20230718,2,3,37.07,26,111.21,87.86,17.57
1553,1,200,20230106,6,1,962.67,720,962.67,760.51,152.1
1554,6,154,20210709,1,2,12.26,10,24.52,19.37,3.87
1555,9,109,20220315,4,3,34.57,26,103.7,81.92,16.38
1556,15,78,20211110,6,5,68.05,45,340.23,268.78,53.76
1557,19,27,20220725,1,5,19.2,12,95.98,75.82,15.16
1558,18,166,20220622,5,5,19.86,16,99.31,78.45,15.69
1559,4,124,20230908,1,3,35.07,22,105.22,83.12,16.62
1560,11,71,20230707,3,3,9.55,8,28.66,22.64,4.53
1561,8,15,20230112,5,4,37.19,26,148.75,117.51,23.5
1562,5,185,20230905,1,4,6.39,4,25.58,20.21,4.04
1563,14,104,20220107,4,1,12.52,9,12.52,9.89,1.98
1564,7,88,20230331,6,2,20.2,14,40.41,31.92,6.38
1565,16,172,20230705,3,5,8.75,7,43.75,34.56,6.91
1566,18,47,20210902,3,1,21.37,16,21.37,16.88,3.38
1567,9,186,20231129,5,2,40.91,26,81.82,64.64,12.93
1568,3,57,20220427,3,2,971.59,660,1943.18,1535.11,307.02
1569,14,85,20220317,3,3,12.54,9,37.61,29.71,5.94
1570,4,121,20221027,1,5,30.58,22,152.92,120.81,24.16
1571,3,121,20230609,2,5,765.54,660,3827.7,3023.88,604.78
1572,13,136,20230905,3,4,6.76,6,27.05,21.37,4.27
1573,5,52,20210805,3,4,6.37,4,25.5,20.14,4.03
1574,5,81,20221019,6,2,5.96,4,11.92,9.42,1.88
1575,11,162,20221201,2,3,11.34,8,34.01,26.87,5.37
1576,15,71,20210107,2,2,62.47,45,124.93,98.69,19.74
1577,16,196,20210817,1,2,9.85,7,19.7,15.56,3.11
1578,14,104,20230628,4,4,11.62,9,46.5,36.73,7.35
1579,18,52,20210224,6,3,25.2,16,75.6,59.72,11.94
1580,17,49,20220407,1,1,77.73,55,77.73,61.41,12.28
1581,8,178,20211223,3,3,30.28,26,90.83,71.76,14.35
1582,17,151,20220705,3,2,62.3,55,124.59,98.43,19.69
1583,10,75,20210308,4,5,44.74,32,223.71,176.73,35.35
1584,14,176,20220429,2,3,14.38,9,43.15,34.09,6.82
1585,12,193,20221205,2,2,7.87,5,15.74,12.43,2.49
1586,1,59,20220803,2,2,868.03,720,1736.06,1371.49,274.3
1587,19,130,20210202,2,1,15.4,12,15.4,12.17,2.43
1588,2,97,20230724,6,3,1337.06,900,4011.19,3168.84,633.77
1589,2,153,20230614,1,1,1284.11,900,1284.11,1014.45,202.89
1590,2,177,20210129,1,4,1189.94,900,4759.77,3760.22,752.04
1591,18,65,20210628,4,2,19.24,16,38.49,30.41,6.08
1592,1,78,20230912,4,1,1030.49,720,1030.49,814.09,162.82
1593,20,156,20220124,6,2,23.57,18,47.14,37.24,7.45
1594,17,185,20210601,5,1,68.27,55,68.27,53.93,10.79
1595,16,51,20210602,5,2,10.42,7,20.85,16.47,3.29
1596,7,92,20230120,6,4,17.47,14,69.87,55.2,11.04
1597,18,128,20210226,2,4,20.24,16,80.98,63.97,12.79
1598,1,172,20210105,1,1,1092.68,720,1092.68,863.22,172.64
1599,16,39,20230818,1,5,7.96,7,39.81,31.45,6.29
1600,4,66,20231103,6,2,29.22,22,58.45,46.18,9.24
1601,9,119,20220302,1,1,39.17,26,39.17,30.94,6.19
1602,10,93,20210226,6,3,42.02,32,126.05,99.58,19.92
1603,4,195,20210616,1,1,33.57,22,33.57,26.52,5.3
1604,6,85,20230810,3,4,15.78,10,63.1,49.85,9.97
1605,3,96,20220120,3,2,763.56,660,1527.13,1206.43,241.29
1606,15,70,20220728,4,4,67.5,45,269.99,213.29,42.66
1607,6,29,20230720,2,1,15.91,10,15.91,12.57,2.51
1608,4,107,20210818,5,4,33.02,22,132.1,104.36,20.87
1609,15,47,20230831,5,4,67.03,45,268.12,211.81,42.36
1610,1,176,20230529,6,2,965.91,720,1931.82,1526.14,305.23
1611,4,106,20221201,4,1,24.9,22,24.9,19.67,3.93
1612,11,4,20230728,6,5,11.87,8,59.35,46.89,9.38
1613,19,58,20230407,6,3,16.31,12,48.94,38.66,7.73
1614,20,25,20230914,4,2,24.14,18,48.27,38.13,7.63
1615,13,39,20230810,5,5,6.76,6,33.82,26.72,5.34
1616,6,130,20230712,4,4,15.35,10,61.39,48.5,9.7
1617,16,83,20210419,2,3,11.1,7,33.29,26.3,5.26
1618,17,58,20210315,5,4,71.59,55,286.36,226.22,45.24
1619,3,118,20211203,4,5,873.87,660,4369.36,3451.79,690.36
1620,15,81,20221216,1,4,66.27,45,265.07,209.41,41.88
1621,4,104,20210127,4,1,30.33,22,30.33,23.96,4.79
1622,3,155,20210101,5,3,1019.74,660,3059.21,2416.78,483.36
1623,7,168,20230317,6,4,22.05,14,88.21,69.69,13.94
1624,2,58,20220607,4,3,1242.07,900,3726.2,2943.7,588.74
1625,20,122,20230608,6,3,26.24,18,78.73,62.2,12.44
1626,4,195,20210614,6,2,24.22,22,48.45,38.28,7.66
1627,10,141,20220525,5,3,46.43,32,139.3,110.05,22.01
1628,6,127,20210308,2,4,11.53,10,46.14,36.45,7.29
1629,7,49,20230526,1,4,16.91,14,67.64,53.44,10.69
1630,11,28,20211001,4,1,12.51,8,12.51,9.88,1.98
1631,19,32,20230823,4,4,17.15,12,68.6,54.19,10.84
1632,5,128,20221226,1,5,5.87,4,29.36,23.19,4.64
1633,14,150,20230306,4,5,13.41,9,67.07,52.99,10.6
1634,19,45,20210913,6,2,13.82,12,27.64,21.84,4.37
1635,20,156,20230802,3,5,27.73,18,138.66,109.54,21.91
1636,20,178,20220824,2,3,23.38,18,70.14,55.41,11.08
1637,10,116,20220509,2,2,41.8,32,83.61,66.05,13.21
1638,17,77,20231002,6,5,84.17,55,420.85,332.47,66.49
1639,18,162,20231018,2,2,19.28,16,38.56,30.46,6.09
1640,10,176,20231023,3,2,50.9,32,101.8,80.42,16.08
1641,6,129,20230721,5,3,14.55,10,43.66,34.49,6.9
1642,12,144,20231228,4,5,6.93,5,34.63,27.36,5.47
1643,14,173,20230816,6,5,11.19,9,55.93,44.18,8.84
1644,1,134,20220830,1,1,929.11,720,929.11,734.0,146.8
1645,2,52,20210318,3,2,1432.59,900,2865.18,2263.49,452.7
1646,9,38,20230907,1,3,31.25,26,93.76,74.07,14.81
1647,2,92,20230216,4,1,1267.25,900,1267.25,1001.13,200.23
1648,18,58,20230828,6,5,20.71,16,103.56,81.81,16.36
1649,10,178,20230104,6,1,50.02,32,50.02,39.52,7.9
1650,14,176,20220711,3,5,10.14,9,50.71,40.06,8.01
1651,9,52,20231204,5,4,39.39,26,157.56,124.47,24.89
1652,12,194,20230628,5,5,7.35,5,36.73,29.02,5.8
1653,7,76,20211011,4,2,22.28,14,44.57,35.21,7.04
1654,6,45,20210419,6,5,11.6,10,57.98,45.8,9.16
1655,14,72,20210301,5,3,10.49,9,31.46,24.85,4.97
1656,9,2,20230419,3,4,37.83,26,151.3,119.53,23.91
1657,2,40,20210811,3,5,1012.88,900,5064.42,4000.89,800.18
1658,20,170,20230616,3,4,26.91,18,107.64,85.04,17.01
1659,12,19,20230301,6,3,6.81,5,20.44,16.15,3.23
1660,17,18,20210922,5,2,71.94,55,143.88,113.67,22.73
1661,13,24,20230209,3,2,9.25,6,18.5,14.62,2.92
1662,11,85,20230810,3,3,9.67,8,29.02,22.93,4.59
1663,20,136,20231215,4,5,27.21,18,136.07,107.5,21.5
1664,1,30,20230720,6,3,952.44,720,2857.32,2257.28,451.46
1665,20,160,20230711,2,1,25.94,18,25.94,20.49,4.1
1666,13,30,20220406,4,3,8.22,6,24.66,19.48,3.9
1667,1,133,20220210,3,5,1081.01,720,5405.07,4270.01,854.0
1668,16,12,20221003,3,2,8.82,7,17.64,13.94,2.79
1669,4,43,20210429,5,5,24.28,22,121.4,95.91,19.18
1670,7,172,20210406,6,2,21.45,14,42.91,33.9,6.78
1671,4,53,20220901,5,4,31.31,22,125.25,98.95,19.79
1672,5,7,20210414,4,3,4.48,4,13.43,10.61,2.12
1673,2,46,20210416,3,5,1021.7,900,5108.49,4035.71,807.14
1674,9,105,20211124,4,4,36.79,26,147.17,116.26,23.25
1675,11,5,20220914,4,1,10.94,8,10.94,8.64,1.73
1676,20,17,20230710,6,5,20.21,18,101.05,79.83,15.97
1677,12,129,20210415,1,3,7.47,5,22.4,17.7,3.54
1678,20,23,20220309,3,4,23.23,18,92.93,73.41,14.68
1679,1,122,20230807,2,5,871.15,720,4355.76,3441.05,688.21
1680,13,140,20231207,3,2,7.49,6,14.99,11.84,2.37
1681,12,3,20231113,5,5,5.85,5,29.27,23.12,4.62
1682,1,147,20210302,5,4,985.37,720,3941.5,3113.79,622.76
1683,10,54,20210504,6,3,38.59,32,115.76,91.45,18.29
1684,17,37,20230717,2,2,66.57,55,133.14,105.18,21.04
1685,7,30,20211229,2,5,21.37,14,106.83,84.4,16.88
1686,18,119,20231214,6,5,18.19,16,90.93,71.83,14.37
1687,3,65,20230822,1,2,965.44,660,1930.89,1525.4,305.08
1688,11,92,20221130,2,2,9.2,8,18.4,14.54,2.91
1689,3,50,20230608,3,4,874.71,660,3498.85,2764.09,552.82
1690,10,178,20230605,5,2,44.25,32,88.5,69.92,13.98
1691,11,110,20220608,2,1,10.05,8,10.05,7.94,1.59
1692,14,71,20211115,3,2,12.96,9,25.92,20.48,4.1
1693,16,119,20220421,4,3,10.41,7,31.24,24.68,4.94
1694,18,28,20221130,2,5,18.26,16,91.28,72.11,14.42
1695,5,138,20220208,2,3,5.87,4,17.6,13.9,2.78
1696,3,187,20230619,1,1,1006.36,660,1006.36,795.02,159.0
1697,1,149,20230626,5,4,1068.91,720,4275.65,3377.76,675.55
1698,2,142,20211102,3,5,1392.29,900,6961.47,5499.56,1099.91
1699,16,168,20230214,2,3,9.07,7,27.22,21.5,4.3
1700,10,35,20230426,4,5,43.37,32,216.83,171.3,34.26
1701,12,129,20220725,1,2,7.62,5,15.24,12.04,2.41
1702,6,194,20230531,5,2,13.23,10,26.46,20.9,4.18
1703,19,145,20210915,6,2,17.62,12,35.23,27.83,5.57
1704,12,11,20221125,2,4,6.08,5,24.32,19.21,3.84
1705,12,60,20220114,1,2,6.79,5,13.59,10.74,2.15
1706,13,121,20220602,4,1,6.72,6,6.72,5.31,1.06
1707,11,27,20230720,6,5,11.33,8,56.67,44.77,8.95
1708,9,149,20220128,5,5,30.86,26,154.3,121.9,24.38
1709,13,94,20230727,5,1,8.15,6,8.15,6.44,1.29
1710,8,133,20220624,4,3,39.22,26,117.67,92.96,18.59
1711,16,124,20220511,5,1,9.46,7,9.46,7.47,1.49
1712,15,43,20210720,2,1,61.08,45,61.08,48.25,9.65
1713,7,39,20220208,2,2,17.94,14,35.87,28.34,5.67
1714,4,170,20231026,2,4,33.12,22,132.49,104.67,20.93
1715,4,124,20231031,6,4,29.47,22,117.88,93.13,18.63
1716,6,166,20230427,4,1,12.22,10,12.22,9.65,1.93
1717,19,152,20210702,2,2,16.98,12,33.95,26.82,5.36
1718,19,38,20210226,1,2,14.75,12,29.5,23.3,4.66
1719,17,104,20210916,5,5,78.03,55,390.17,308.23,61.65
1720,10,22,20231030,2,4,44.9,32,179.62,141.9,28.38
1721,16,44,20221108,2,4,9.8,7,39.21,30.98,6.2
1722,6,160,20230417,6,5,12.32,10,61.61,48.67,9.73
1723,11,117,20231106,5,5,9.08,8,45.38,35.85,7.17
1724,13,34,20220628,1,1,7.21,6,7.21,5.7,1.14
1725,14,39,20221226,5,1,10.7,9,10.7,8.45,1.69
1726,20,10,20230601,5,5,26.57,18,132.86,104.96,20.99
1727,16,169,20210514,2,5,9.59,7,47.94,37.87,7.57
1728,14,134,20210104,4,3,13.84,9,41.51,32.79,6.56
1729,17,110,20230928,2,4,82.21,55,328.85,259.79,51.96
1730,12,151,20220701,6,5,5.74,5,28.72,22.69,4.54
1731,9,123,20210713,2,1,32.28,26,32.28,25.5,5.1
1732,14,66,20230220,2,1,13.09,9,13.09,10.34,2.07
1733,19,134,20210112,1,5,13.24,12,66.22,52.31,10.46
1734,7,177,20230728,3,4,17.94,14,71.74,56.67,11.33
1735,14,167,20210811,5,3,11.08,9,33.23,26.25,5.25
1736,14,145,20230208,3,5,11.14,9,55.7,44.0,8.8
1737,13,194,20230904,2,4,8.26,6,33.03,26.09,5.22
1738,16,46,20230310,3,5,9.64,7,48.21,38.09,7.62
1739,10,148,20211230,3,4,46.97,32,187.89,148.43,29.69
1740,4,192,20230804,2,4,32.81,22,131.26,103.7,20.74
1741,4,55,20210820,5,4,32.85,22,131.39,103.8,20.76
1742,20,179,20230301,6,1,21.25,18,21.25,16.79,3.36
1743,1,24,20230703,2,4,1125.31,720,4501.24,3555.98,711.2
1744,3,17,20220916,3,2,848.38,660,1696.75,1340.43,268.09
1745,2,186,20230524,4,4,1266.28,900,5065.14,4001.46,800.29
1746,10,183,20230118,5,1,50.33,32,50.33,39.76,7.95
1747,16,113,20210909,1,2,10.68,7,21.35,16.87,3.37
1748,10,50,20230113,1,5,43.37,32,216.84,171.3,34.26
1749,8,158,20230929,2,1,33.28,26,33.28,26.29,5.26
1750,1,41,20230728,1,3,1072.68,720,3218.05,2542.26,508.45
1751,13,104,20220523,5,2,8.15,6,16.31,12.88,2.58
1752,3,24,20231123,5,3,965.63,660,2896.88,2288.54,457.71
1753,19,90,20230314,3,3,14.56,12,43.67,34.5,6.9
1754,15,104,20211007,5,1,55.37,45,55.37,43.74,8.75
1755,17,28,20220808,5,1,74.34,55,74.34,58.73,11.75
1756,4,132,20220504,3,5,33.14,22,165.72,130.92,26.18
1757,9,178,20230405,4,4,35.92,26,143.68,113.51,22.7
1758,11,199,20211216,4,4,12.39,8,49.54,39.14,7.83
1759,16,30,20210210,3,1,9.04,7,9.04,7.14,1.43
1760,8,81,20211112,4,3,35.31,26,105.94,83.69,16.74
1761,9,64,20210114,3,1,33.79,26,33.79,26.69,5.34
1762,11,20,20231211,5,2,10.71,8,21.41,16.91,3.38
1763,7,147,20220524,3,2,22.03,14,44.06,34.81,6.96
1764,7,128,20230907,6,2,17.04,14,34.09,26.93,5.39
1765,9,53,20211214,2,2,39.45,26,78.91,62.34,12.47
1766,12,40,20230607,1,1,7.8,5,7.8,6.16,1.23
1767,16,158,20230829,1,5,11.05,7,55.26,43.66,8.73
1768,12,159,20221123,3,4,7.75,5,30.98,24.47,4.89
1769,9,126,20230405,2,5,32.24,26,161.22,127.36,25.47
1770,19,33,20211116,1,5,18.0,12,89.98,71.08,14.22
1771,18,9,20221117,5,3,20.75,16,62.25,49.18,9.84
1772,6,118,20230912,1,5,13.3,10,66.5,52.54,10.51
1773,1,4,20230915,6,2,928.59,720,1857.19,1467.18,293.44
1774,11,93,20210526,5,3,9.55,8,28.65,22.63,4.53
1775,8,69,20220113,4,5,33.06,26,165.3,130.59,26.12
1776,16,109,20210922,2,4,10.15,7,40.61,32.08,6.42
1777,12,103,20220620,3,4,5.95,5,23.8,18.8,3.76
1778,19,176,20210708,2,1,17.52,12,17.52,13.84,2.77
1779,18,111,20211206,4,2,18.77,16,37.53,29.65,5.93
1780,5,122,20231127,1,2,5.24,4,10.49,8.29,1.66
1781,17,137,20210713,6,3,82.1,55,246.29,194.57,38.91
1782,9,144,20220308,5,1,33.78,26,33.78,26.69,5.34
1783,6,16,20230919,2,3,13.38,10,40.15,31.72,6.34
1784,4,116,20230622,6,3,27.06,22,81.17,64.12,12.82
1785,18,143,20220601,3,3,17.76,16,53.28,42.09,8.42
1786,12,174,20210624,5,2,6.94,5,13.88,10.97,2.19
1787,18,45,20230721,3,3,20.2,16,60.6,47.87,9.57
1788,16,199,20230103,6,4,10.81,7,43.25,34.17,6.83
1789,20,74,20220701,4,2,27.61,18,55.23,43.63,8.73
1790,11,108,20230707,6,5,11.09,8,55.43,43.79,8.76
1791,3,42,20210414,3,2,829.45,660,1658.9,1310.53,262.11
1792,10,182,20230726,3,5,45.51,32,227.57,179.78,35.96
1793,15,200,20220125,3,5,61.22,45,306.11,241.83,48.37
1794,14,43,20221010,2,1,10.46,9,10.46,8.26,1.65
1795,9,191,20211203,6,1,31.34,26,31.34,24.76,4.95
1796,4,25,20220725,1,4,30.23,22,120.93,95.53,19.11
1797,13,135,20210208,1,1,7.39,6,7.39,5.84,1.17
1798,3,168,20210812,4,3,801.69,660,2405.06,1900.0,380.0
1799,10,114,20231124,6,2,37.3,32,74.6,58.93,11.79
1800,1,9,20210902,6,3,1101.73,720,3305.2,2611.11,522.22
1801,16,120,20220413,5,3,9.62,7,28.86,22.8,4.56
1802,18,46,20210714,5,5,21.25,16,106.26,83.95,16.79
1803,19,112,20231211,5,5,15.06,12,75.29,59.48,11.9
1804,16,139,20220513,2,1,9.25,7,9.25,7.31,1.46
1805,14,67,20220609,2,3,9.95,9,29.84,23.57,4.71
1806,5,89,20230120,3,4,5.47,4,21.88,17.29,3.46
1807,16,194,20230914,4,3,7.73,7,23.2,18.33,3.67
1808,10,153,20220909,2,1,43.97,32,43.97,34.74,6.95
1809,14,144,20210929,4,4,11.02,9,44.1,34.84,6.97
1810,13,97,20231024,2,3,6.84,6,20.51,16.2,3.24
1811,8,133,20230616,5,3,32.3,26,96.9,76.55,15.31
1812,18,69,20231201,4,2,24.43,16,48.86,38.6,7.72
1813,5,75,20210920,1,4,5.64,4,22.54,17.81,3.56
1814,20,126,20220126,2,3,19.97,18,59.92,47.34,9.47
1815,18,6,20210312,2,1,19.86,16,19.86,15.69,3.14
1816,15,187,20210630,1,2,51.53,45,103.06,81.42,16.28
1817,16,56,20210122,3,4,8.79,7,35.16,27.78,5.56
1818,12,119,20221216,6,1,6.33,5,6.33,5.0,1.0
1819,5,15,20231213,3,4,4.54,4,18.17,14.35,2.87
1820,6,50,20221107,3,4,15.14,10,60.57,47.85,9.57
1821,8,99,20210624,4,2,38.19,26,76.38,60.34,12.07
1822,7,118,20210218,6,1,19.05,14,19.05,15.05,3.01
1823,16,100,20211027,6,3,10.98,7,32.93,26.01,5.2
1824,2,191,20210817,5,5,1044.96,900,5224.82,4127.61,825.52
1825,10,51,20221122,3,1,49.02,32,49.02,38.73,7.75
1826,4,61,20211110,6,4,27.77,22,111.08,87.75,17.55
1827,9,150,20210830,1,4,38.86,26,155.44,122.8,24.56
1828,2,149,20210114,6,4,1299.78,900,5199.13,4107.31,821.46
1829,12,198,20210811,1,2,5.89,5,11.79,9.31,1.86
1830,20,87,20210512,6,1,20.34,18,20.34,16.07,3.21
1831,5,180,20230714,5,1,4.65,4,4.65,3.67,0.73
1832,11,143,20211201,6,3,12.02,8,36.07,28.5,5.7
1833,7,6,20220922,6,4,17.91,14,71.63,56.59,11.32
1834,9,11,20210713,4,4,35.87,26,143.47,113.34,22.67
1835,16,49,20230217,5,2,9.6,7,19.21,15.18,3.04
1836,15,71,20220411,5,5,53.11,45,265.54,209.78,41.96
1837,5,116,20230201,3,3,5.48,4,16.45,13.0,2.6
1838,1,199,20221013,6,5,928.46,720,4642.28,3667.4,733.48
1839,1,159,20210923,3,5,877.96,720,4389.82,3467.96,693.59
1840,3,169,20231101,5,4,788.66,660,3154.63,2492.16,498.43
1841,16,197,20230907,5,2,9.85,7,19.69,15.56,3.11
1842,14,165,20220408,3,1,10.33,9,10.33,8.16,1.63
1843,3,12,20230803,2,2,1014.25,660,2028.51,1602.52,320.5
1844,4,125,20211018,2,1,24.55,22,24.55,19.39,3.88
1845,13,169,20230711,4,5,8.47,6,42.36,33.46,6.69
1846,9,13,20230427,3,2,36.48,26,72.95,57.63,11.53
1847,1,54,20210413,6,4,1126.23,720,4504.9,3558.87,711.77
1848,15,164,20210426,1,3,62.06,45,186.17,147.07,29.41
1849,12,182,20220819,1,5,6.16,5,30.82,24.35,4.87
1850,3,78,20210301,1,2,1042.99,660,2085.99,1647.93,329.59
1851,4,186,20210520,2,5,28.44,22,142.19,112.33,22.47
1852,17,169,20211005,2,5,77.7,55,388.48,306.9,61.38
1853,18,192,20210915,5,4,23.57,16,94.28,74.48,14.9
1854,19,92,20230705,6,4,17.42,12,69.66,55.03,11.01
1855,4,43,20220906,2,5,28.62,22,143.09,113.04,22.61
1856,6,137,20220429,5,4,15.67,10,62.67,49.51,9.9
1857,18,84,20220329,3,4,23.71,16,94.85,74.93,14.99
1858,11,156,20220909,2,5,10.98,8,54.91,43.38,8.68
1859,18,191,20220623,3,3,25.29,16,75.88,59.95,11.99
1860,13,1,20221005,6,1,9.55,6,9.55,7.54,1.51
1861,1,133,20230505,2,3,794.36,720,2383.09,1882.64,376.53
1862,7,81,20211116,1,3,21.83,14,65.5,51.75,10.35
1863,18,147,20230104,5,2,18.35,16,36.71,29.0,5.8
1864,12,40,20221024,2,3,6.42,5,19.25,15.21,3.04
1865,8,60,20230417,3,3,29.79,26,89.38,70.61,14.12
1866,19,56,20220728,6,1,17.54,12,17.54,13.86,2.77
1867,6,125,20221124,6,5,15.1,10,75.49,59.64,11.93
1868,20,165,20210518,3,1,26.38,18,26.38,20.84,4.17
1869,13,21,20230407,1,3,7.64,6,22.93,18.11,3.62
1870,14,31,20220915,2,5,14.08,9,70.39,55.61,11.12
1871,13,14,20230629,3,5,6.72,6,33.62,26.56,5.31
1872,19,39,20230214,3,5,17.39,12,86.93,68.67,13.73
1873,2,173,20210809,6,4,1426.97,900,5707.87,4509.22,901.84
1874,20,148,20231215,5,1,21.8,18,21.8,17.22,3.44
1875,13,38,20220221,2,3,6.85,6,20.54,16.23,3.25
1876,2,141,20230331,4,3,1028.29,900,3084.86,2437.04,487.41
1877,14,199,20221221,6,2,13.33,9,26.66,21.06,4.21
1878,18,51,20221122,4,4,22.82,16,91.27,72.1,14.42
1879,18,158,20211008,6,5,19.57,16,97.85,77.3,15.46
1880,9,199,20210414,4,3,37.5,26,112.5,88.88,17.78
1881,3,29,20230406,6,4,865.77,660,3463.07,2735.83,547.17
1882,7,83,20220516,3,5,19.99,14,99.94,78.95,15.79
1883,6,90,20220315,5,4,14.12,10,56.46,44.6,8.92
1884,2,60,20220926,2,3,1060.2,900,3180.59,2512.67,502.53
1885,3,29,20231110,6,1,806.21,660,806.21,636.91,127.38
1886,5,74,20230609,1,3,5.79,4,17.36,13.71,2.74
1887,10,116,20210609,4,1,40.51,32,40.51,32.0,6.4
1888,18,55,20231128,2,5,21.79,16,108.93,86.05,17.21
1889,18,124,20220106,5,2,23.16,16,46.32,36.59,7.32
1890,1,97,20230817,5,5,807.65,720,4038.27,3190.23,638.05
1891,2,73,20210902,2,5,1112.08,900,5560.38,4392.7,878.54
1892,1,18,20221031,4,3,1030.67,720,3092.02,2442.7,488.54
1893,12,28,20230804,1,3,7.67,5,23.01,18.18,3.64
1894,13,60,20230720,4,5,9.53,6,47.65,37.64,7.53
1895,11,125,20210524,5,5,9.15,8,45.76,36.15,7.23
1896,17,118,20211013,5,1,61.59,55,61.59,48.66,9.73
1897,10,86,20230131,4,4,47.11,32,188.44,148.87,29.77
1898,12,176,20210127,3,3,7.06,5,21.19,16.74,3.35
1899,17,71,20211206,1,3,84.66,55,253.99,200.65,40.13
1900,18,72,20210212,2,2,20.33,16,40.67,32.13,6.43
1901,5,23,20220719,6,4,5.44,4,21.77,17.2,3.44
1902,20,161,20230831,6,2,23.56,18,47.11,37.22,7.44
1903,5,110,20230403,3,5,5.06,4,25.29,19.98,4.0
1904,5,53,20230217,6,2,5.56,4,11.12,8.78,1.76
1905,7,36,20230908,3,5,21.77,14,108.83,85.98,17.2
1906,5,168,20220909,5,2,5.03,4,10.07,7.96,1.59
1907,18,185,20230310,1,2,20.14,16,40.28,31.82,6.36
1908,1,196,20210729,3,4,1138.03,720,4552.12,3596.17,719.23
1909,15,191,20220311,6,3,52.92,45,158.76,125.42,25.08
1910,4,34,20210928,2,1,32.59,22,32.59,25.75,5.15
1911,20,69,20230529,5,5,25.31,18,126.56,99.98,20.0
1912,8,60,20230505,6,1,33.27,26,33.27,26.28,5.26
1913,16,35,20230914,5,5,9.34,7,46.7,36.89,7.38
1914,12,48,20230721,4,4,6.68,5,26.74,21.12,4.22
1915,7,58,20210824,1,4,20.75,14,83.01,65.58,13.12
1916,9,106,20210122,2,2,38.45,26,76.9,60.75,12.15
1917,6,113,20210406,5,4,14.44,10,57.76,45.63,9.13
1918,8,110,20221019,4,1,36.5,26,36.5,28.84,5.77
1919,11,101,20220630,5,5,11.18,8,55.88,44.15,8.83
1920,2,134,20230124,1,4,1195.61,900,4782.42,3778.11,755.62
1921,8,133,20210303,5,4,41.39,26,165.56,130.79,26.16
1922,18,100,20210226,5,1,19.12,16,19.12,15.1,3.02
1923,13,78,20220923,3,4,7.1,6,28.4,22.44,4.49
1924,20,14,20220228,6,5,27.93,18,139.67,110.34,22.07
1925,15,24,20221027,6,5,52.05,45,260.23,205.58,41.12
1926,18,35,20230420,4,4,20.19,16,80.75,63.79,12.76
1927,6,117,20210205,5,2,15.41,10,30.83,24.36,4.87
1928,9,83,20210511,6,2,37.94,26,75.88,59.95,11.99
1929,3,30,20210628,6,4,935.24,660,3740.98,2955.37,591.07
1930,17,182,20210504,4,5,77.33,55,386.66,305.46,61.09
1931,13,141,20210818,4,1,8.9,6,8.9,7.03,1.41
1932,19,169,20220427,2,2,18.41,12,36.83,29.1,5.82
1933,2,108,20210915,3,3,1318.57,900,3955.72,3125.02,625.0
1934,10,161,20221003,2,1,49.58,32,49.58,39.17,7.83
1935,1,160,20211019,3,1,957.11,720,957.11,756.12,151.22
1936,18,2,20221216,5,4,19.5,16,78.01,61.63,12.33
1937,16,117,20230425,4,4,7.98,7,31.91,25.21,5.04
1938,1,63,20230511,5,3,1015.12,720,3045.35,2405.83,481.17
1939,7,13,20230310,2,2,15.79,14,31.57,24.94,4.99
1940,2,38,20220517,1,5,1367.11,900,6835.53,5400.07,1080.01
1941,11,23,20220304,1,1,10.47,8,10.47,8.27,1.65
1942,6,173,20210914,3,5,14.3,10,71.52,56.5,11.3
1943,20,147,20231002,5,2,28.5,18,56.99,45.02,9.0
1944,19,93,20231212,1,1,17.81,12,17.81,14.07,2.81
1945,12,98,20220408,1,4,7.61,5,30.43,24.04,4.81
1946,10,121,20210405,2,1,46.31,32,46.31,36.58,7.32
1947,11,135,20220131,4,5,9.64,8,48.2,38.08,7.62
1948,20,15,20211028,1,5,26.37,18,131.84,104.15,20.83
1949,17,23,20230622,4,5,86.18,55,430.91,340.42,68.08
1950,10,110,20231011,5,3,39.35,32,118.06,93.27,18.65
1951,20,91,20230405,2,5,24.86,18,124.32,98.21,19.64
1952,16,127,20230117,2,5,8.51,7,42.57,33.63,6.73
1953,7,1,20220222,1,1,18.65,14,18.65,14.73,2.95
1954,7,158,20210618,4,4,15.72,14,62.87,49.67,9.93
1955,18,164,20220518,2,1,22.72,16,22.72,17.95,3.59
1956,10,66,20230918,1,3,40.0,32,120.01,94.81,18.96
1957,11,197,20230301,1,1,11.54,8,11.54,9.12,1.82
1958,13,186,20220505,5,5,9.48,6,47.4,37.45,7.49
1959,7,85,20210909,3,4,21.81,14,87.25,68.93,13.79
1960,5,124,20210222,2,4,6.18,4,24.74,19.54,3.91
1961,11,119,20230209,4,1,12.14,8,12.14,9.59,1.92
1962,19,186,20220307,6,3,16.53,12,49.59,39.18,7.84
1963,7,148,20210128,6,3,21.0,14,62.99,49.76,9.95
1964,3,39,20220524,3,1,837.92,660,837.92,661.96,132.39
1965,18,43,20220623,5,5,20.72,16,103.58,81.83,16.37
1966,4,193,20230504,3,3,32.01,22,96.02,75.86,15.17
1967,14,23,20220126,4,2,11.57,9,23.14,18.28,3.66
1968,7,135,20220310,3,2,16.19,14,32.37,25.57,5.11
1969,7,24,20210224,4,5,15.57,14,77.87,61.52,12.3
1970,17,40,20221124,2,3,85.9,55,257.7,203.58,40.72
1971,17,80,20231117,3,2,81.66,55,163.32,129.02,25.8
1972,17,174,20210521,2,2,80.43,55,160.85,127.07,25.41
1973,13,183,20221021,5,1,6.61,6,6.61,5.22,1.04
1974,20,23,20210305,3,4,27.8,18,111.21,87.86,17.57
1975,17,197,20210528,6,3,61.12,55,183.35,144.85,28.97
1976,10,164,20231225,2,3,38.41,32,115.23,91.03,18.21
1977,9,137,20220216,3,4,37.32,26,149.3,117.95,23.59
1978,5,41,20220127,3,1,4.43,4,4.43,3.5,0.7
1979,18,132,20230613,1,2,21.94,16,43.88,34.67,6.93
1980,11,70,20230228,2,3,11.1,8,33.29,26.3,5.26
1981,3,80,20210903,5,3,904.39,660,2713.17,2143.4,428.68
1982,5,8,20210315,4,1,4.61,4,4.61,3.64,0.73
1983,3,110,20210319,4,2,958.54,660,1917.09,1514.5,302.9
1984,15,158,20230501,3,3,56.98,45,170.93,135.03,27.01
1985,18,21,20211012,4,5,18.65,16,93.27,73.68,14.74
1986,15,25,20230929,4,3,64.9,45,194.7,153.81,30.76
1987,15,121,20231017,2,2,52.73,45,105.47,83.32,16.66
1988,9,94,20230605,4,2,37.69,26,75.39,59.56,11.91
1989,11,84,20230814,4,4,8.92,8,35.68,28.19,5.64
1990,4,90,20221114,4,4,33.5,22,134.01,105.87,21.17
1991,12,155,20220210,5,2,6.77,5,13.54,10.7,2.14
1992,4,84,20220805,5,1,32.92,22,32.92,26.01,5.2
1993,15,103,20230203,5,4,54.87,45,219.47,173.38,34.68
1994,18,41,20211216,4,4,18.13,16,72.51,57.28,11.46
1995,19,111,20211027,4,5,17.92,12,89.62,70.8,14.16
1996,8,45,20230221,6,1,38.21,26,38.21,30.19,6.04
1997,19,125,20231018,1,5,16.78,12,83.88,66.27,13.25
1998,18,25,20220413,4,2,20.06,16,40.13,31.7,6.34
1999,3,154,20220805,1,5,980.54,660,4902.72,3873.15,774.63
2000,11,127,20220629,6,1,9.16,8,9.16,7.24,1.45
2001,19,194,20210720,6,1,17.74,12,17.74,14.01,2.8
2002,5,116,20230807,5,3,5.18,4,15.54,12.28,2.46
2003,15,51,20230410,2,3,56.24,45,168.73,133.3,26.66
2004,10,112,20230901,6,3,51.04,32,153.13,120.97,24.19
2005,1,157,20230417,5,4,1097.15,720,4388.6,3466.99,693.4
2006,2,95,20220228,5,1,990.38,900,990.38,782.4,156.48
2007,12,29,20230315,3,1,6.09,5,6.09,4.81,0.96
2008,19,101,20231005,6,3,17.47,12,52.41,41.4,8.28
2009,13,112,20220805,5,2,8.59,6,17.17,13.56,2.71
2010,5,49,20221114,5,4,6.09,4,24.35,19.24,3.85
2011,14,40,20220601,3,2,10.5,9,21.01,16.6,3.32
2012,1,37,20210414,6,4,1028.85,720,4115.41,3251.17,650.23
2013,3,36,20210715,6,4,1009.85,660,4039.4,3191.13,638.23
2014,20,109,20230926,5,2,23.89,18,47.78,37.75,7.55
2015,18,116,20220901,4,3,19.41,16,58.22,45.99,9.2
2016,20,2,20220901,5,4,27.42,18,109.68,86.65,17.33
2017,17,69,20211207,4,5,76.35,55,381.75,301.58,60.32
2018,2,146,20210218,4,3,1040.92,900,3122.77,2466.99,493.4
2019,3,37,20221123,6,5,1050.58,660,5252.91,4149.8,829.96
2020,9,120,20231213,5,1,35.4,26,35.4,27.97,5.59
2021,3,63,20230525,4,1,951.74,660,951.74,751.87,150.37
2022,19,80,20230214,5,1,18.62,12,18.62,14.71,2.94
2023,1,121,20230207,4,5,1118.18,720,5590.9,4416.81,883.36
2024,11,108,20230404,3,3,9.96,8,29.87,23.6,4.72
2025,20,192,20210222,3,5,22.14,18,110.72,87.47,17.49
2026,16,149,20230622,2,5,7.88,7,39.4,31.13,6.23
2027,20,7,20220223,3,4,20.54,18,82.17,64.91,12.98
2028,3,72,20221227,3,2,929.21,660,1858.43,1468.16,293.63
2029,9,4,20220131,6,1,36.45,26,36.45,28.8,5.76
2030,5,169,20230428,4,3,6.02,4,18.05,14.26,2.85
2031,8,125,20220111,2,5,39.81,26,199.03,157.23,31.45
2032,3,38,20220509,5,2,1002.41,660,2004.83,1583.82,316.76
2033,14,198,20231215,4,2,12.87,9,25.75,20.34,4.07
2034,6,54,20231108,5,3,11.27,10,33.81,26.71,5.34
2035,4,14,20220114,2,4,28.59,22,114.34,90.33,18.07
2036,16,192,20220309,5,2,9.03,7,18.06,14.27,2.85
2037,13,122,20231010,3,2,8.19,6,16.38,12.94,2.59
2038,1,74,20220916,4,4,1036.26,720,4145.03,3274.57,654.91
2039,2,25,20230131,5,3,1420.28,900,4260.85,3366.07,673.21
2040,20,167,20220913,3,3,22.23,18,66.7,52.69,10.54
2041,9,168,20210521,5,4,34.59,26,138.38,109.32,21.86
2042,8,188,20230828,6,5,38.62,26,193.08,152.53,30.51
2043,11,174,20230117,6,2,10.05,8,20.11,15.89,3.18
2044,1,18,20210115,1,4,827.17,720,3308.69,2613.87,522.77
2045,15,90,20210531,2,3,55.17,45,165.5,130.75,26.15
2046,1,159,20210218,1,1,1129.86,720,1129.86,892.59,178.52
2047,7,154,20230801,6,1,20.36,14,20.36,16.08,3.22
2048,3,155,20210622,2,4,942.61,660,3770.44,2978.65,595.73
2049,19,48,20230719,1,2,14.72,12,29.44,23.26,4.65
2050,3,164,20221102,4,3,979.89,660,2939.67,2322.34,464.47
2051,11,66,20230920,2,1,9.91,8,9.91,7.83,1.57
2052,13,100,20210331,3,1,7.37,6,7.37,5.82,1.16
2053,6,113,20220117,1,4,15.9,10,63.59,50.24,10.05
2054,20,101,20211015,2,4,20.78,18,83.1,65.65,13.13
2055,14,56,20230215,5,1,14.01,9,14.01,11.07,2.21
2056,9,27,20231024,1,1,29.52,26,29.52,23.32,4.66
2057,9,199,20231110,4,1,40.25,26,40.25,31.8,6.36
2058,1,10,20210803,6,4,887.92,720,3551.67,2805.82,561.16
2059,11,101,20231002,5,1,10.86,8,10.86,8.58,1.72
2060,16,112,20221206,4,1,9.59,7,9.59,7.58,1.52
2061,13,177,20210106,4,1,8.3,6,8.3,6.56,1.31
2062,11,175,20220531,3,4,9.02,8,36.08,28.5,5.7
2063,3,94,20230718,5,3,752.55,660,2257.65,1783.54,356.71
2064,10,166,20221021,2,2,44.07,32,88.14,69.63,13.93
2065,7,77,20220706,6,4,21.68,14,86.7,68.49,13.7
2066,12,125,20230623,1,4,7.34,5,29.35,23.19,4.64
2067,2,50,20210721,1,5,1097.32,900,5486.59,4334.41,866.88
2068,3,139,20220713,6,3,890.9,660,2672.69,2111.43,422.29
2069,1,10,20221007,3,1,913.58,720,913.58,721.73,144.35
2070,2,104,20231101,1,2,1353.2,900,2706.39,2138.05,427.61
2071,17,118,20230816,6,5,64.6,55,322.98,255.15,51.03
2072,8,19,20230412,1,2,34.96,26,69.91,55.23,11.05
2073,16,159,20210128,1,2,10.15,7,20.31,16.04,3.21
2074,1,45,20210707,6,1,1117.68,720,1117.68,882.97,176.59
2075,15,157,20210520,2,5,50.94,45,254.7,201.21,40.24
2076,4,128,20210602,5,5,26.63,22,133.13,105.17,21.03
2077,14,87,20211019,6,4,11.36,9,45.44,35.9,7.18
2078,19,140,20230908,2,3,18.22,12,54.66,43.18,8.64
2079,2,152,20211103,2,3,1018.45,900,3055.35,2413.73,482.75
2080,5,194,20220128,4,2,5.79,4,11.59,9.16,1.83
2081,6,113,20230306,2,5,11.2,10,56.02,44.26,8.85
2082,20,97,20210525,2,1,27.72,18,27.72,21.9,4.38
2083,1,2,20210427,2,1,1046.43,720,1046.43,826.68,165.34
2084,10,107,20230502,6,4,46.28,32,185.11,146.24,29.25
2085,5,164,20211025,3,5,5.3,4,26.5,20.94,4.19
2086,6,157,20211209,6,1,13.98,10,13.98,11.04,2.21
2087,16,157,20231026,1,3,8.92,7,26.75,21.13,4.23
2088,18,61,20210107,2,1,25.49,16,25.49,20.14,4.03
2089,20,93,20210518,5,5,21.77,18,108.87,86.01,17.2
2090,7,71,20230619,1,2,16.19,14,32.38,25.58,5.12
2091,16,128,20210803,2,2,10.05,7,20.09,15.87,3.17
2092,2,166,20210304,3,3,1084.32,900,3252.95,2569.83,513.97
2093,11,158,20211228,4,1,9.22,8,9.22,7.28,1.46
2094,18,46,20210317,2,1,21.48,16,21.48,16.97,3.39
2095,3,61,20210616,6,4,921.59,660,3686.37,2912.23,582.45
2096,14,51,20220413,6,3,10.94,9,32.81,25.92,5.18
2097,11,59,20210608,1,2,11.75,8,23.5,18.57,3.71
2098,13,57,20211014,1,4,8.36,6,33.42,26.4,5.28
2099,14,38,20210319,2,5,11.95,9,59.74,47.19,9.44
2100,12,35,20220711,4,2,7.08,5,14.16,11.19,2.24
2101,7,86,20220124,2,1,20.25,14,20.25,16.0,3.2
2102,9,35,20210329,1,4,34.56,26,138.25,109.22,21.84
2103,11,57,20210903,3,5,9.43,8,47.14,37.24,7.45
2104,20,44,20230705,5,5,27.5,18,137.48,108.61,21.72
2105,14,134,20210505,4,2,12.56,9,25.12,19.84,3.97
2106,9,4,20221026,6,4,38.17,26,152.68,120.62,24.12
2107,8,84,20211221,4,5,31.49,26,157.46,124.39,24.88
2108,5,147,20230428,1,4,6.36,4,25.44,20.1,4.02
2109,16,188,20210301,5,1,9.19,7,9.19,7.26,1.45
2110,16,179,20220720,1,4,9.43,7,37.73,29.81,5.96
2111,18,193,20210430,1,4,25.2,16,100.8,79.63,15.93
2112,12,76,20210709,2,1,5.54,5,5.54,4.38,0.88
2113,10,42,20230818,6,4,48.93,32,195.71,154.61,30.92
2114,19,7,20231208,4,4,17.83,12,71.32,56.34,11.27
2115,13,48,20231006,3,4,8.71,6,34.85,27.53,5.51
2116,3,99,20210104,6,3,901.2,660,2703.61,2135.85,427.17
2117,14,193,20220302,3,5,12.34,9,61.7,48.74,9.75
2118,3,159,20211026,3,1,895.86,660,895.86,707.73,141.55
2119,12,14,20230825,1,4,6.41,5,25.66,20.27,4.05
2120,2,94,20230607,3,2,1281.68,900,2563.36,2025.05,405.01
2121,3,144,20231009,6,2,771.67,660,1543.35,1219.25,243.85
2122,8,139,20220426,1,4,38.19,26,152.74,120.66,24.13
2123,19,180,20231215,2,2,15.12,12,30.25,23.9,4.78
2124,17,175,20220119,4,3,62.0,55,185.99,146.93,29.39
2125,12,116,20220620,4,5,6.82,5,34.08,26.92,5.38
2126,16,182,20210625,5,5,10.85,7,54.24,42.85,8.57
2127,20,95,20221011,6,1,21.5,18,21.5,16.98,3.4
2128,3,21,20221019,4,2,821.16,660,1642.33,1297.44,259.49
2129,4,43,20210421,3,1,31.87,22,31.87,25.18,5.04
2130,5,53,20221214,5,1,4.99,4,4.99,3.94,0.79
2131,18,34,20230906,4,3,20.96,16,62.88,49.68,9.94
2132,1,75,20231124,2,1,799.93,720,799.93,631.94,126.39
2133,17,166,20211130,3,4,76.41,55,305.66,241.47,48.29
2134,11,125,20230731,5,5,12.17,8,60.84,48.06,9.61
2135,15,78,20220930,5,2,69.71,45,139.42,110.14,22.03
2136,6,67,20220316,2,4,12.86,10,51.44,40.64,8.13
2137,2,38,20220218,3,3,1195.17,900,3585.5,2832.55,566.51
2138,20,42,20210827,6,5,22.37,18,111.84,88.35,17.67
2139,5,42,20210909,2,1,4.48,4,4.48,3.54,0.71
2140,19,33,20220331,4,3,15.42,12,46.25,36.54,7.31
2141,18,182,20211022,1,3,25.42,16,76.27,60.25,12.05
2142,12,115,20210802,5,2,6.83,5,13.67,10.8,2.16
2143,1,104,20210624,4,2,1133.2,720,2266.41,1790.46,358.09
2144,5,2,20220405,6,5,6.35,4,31.76,25.09,5.02
2145,10,122,20220421,3,5,45.87,32,229.35,181.19,36.24
2146,15,87,20230322,6,1,65.96,45,65.96,52.11,10.42
2147,5,174,20210301,5,1,5.02,4,5.02,3.97,0.79
2148,20,57,20220801,4,3,20.63,18,61.9,48.9,9.78
2149,20,165,20210322,2,5,24.54,18,122.69,96.93,19.39
2150,7,6,20220203,1,5,21.35,14,106.73,84.32,16.86
2151,3,132,20230830,4,2,887.85,660,1775.71,1402.81,280.56
2152,20,131,20230516,1,3,23.38,18,70.13,55.4,11.08
2153,14,95,20231025,4,3,9.95,9,29.86,23.59,4.72
2154,12,79,20220511,4,5,5.72,5,28.59,22.59,4.52
2155,15,190,20231110,4,4,55.99,45,223.98,176.94,35.39
2156,14,187,20231110,4,2,13.66,9,27.32,21.58,4.32
2157,3,37,20230509,2,3,882.62,660,2647.87,2091.82,418.36
2158,11,17,20230124,5,4,9.15,8,36.62,28.93,5.79
2159,9,107,20220811,2,5,34.61,26,173.04,136.7,27.34
2160,5,52,20230327,2,4,4.98,4,19.92,15.74,3.15
2161,2,78,20221206,5,3,1212.35,900,3637.04,2873.26,574.65
2162,15,58,20231128,1,1,52.97,45,52.97,41.85,8.37
2163,16,32,20220308,6,3,9.16,7,27.48,21.71,4.34
2164,8,8,20221207,1,3,35.01,26,105.03,82.97,16.59
2165,20,191,20210407,3,5,24.12,18,120.62,95.29,19.06
2166,9,161,20220919,6,4,41.27,26,165.06,130.4,26.08
2167,12,132,20210622,6,5,5.54,5,27.72,21.9,4.38
2168,6,149,20220107,1,2,12.6,10,25.2,19.91,3.98
2169,5,92,20230921,2,1,4.95,4,4.95,3.91,0.78
2170,12,13,20220825,3,3,6.82,5,20.47,16.17,3.23
2171,17,50,20210421,6,2,81.53,55,163.06,128.82,25.76
2172,6,140,20230510,3,3,15.13,10,45.4,35.87,7.17
2173,10,70,20230911,6,3,36.73,32,110.2,87.06,17.41
2174,12,37,20230412,1,2,6.8,5,13.59,10.74,2.15
2175,16,106,20220620,3,2,8.06,7,16.12,12.73,2.55
2176,17,57,20210811,2,5,77.37,55,386.85,305.61,61.12
2177,18,183,20230125,5,1,20.94,16,20.94,16.54,3.31
2178,4,34,20210421,1,4,28.03,22,112.12,88.57,17.71
2179,12,36,20230919,4,5,6.81,5,34.04,26.89,5.38
2180,6,182,20220506,3,1,14.72,10,14.72,11.63,2.33
2181,8,33,20210621,6,2,37.54,26,75.09,59.32,11.86
2182,5,54,20220317,2,1,5.25,4,5.25,4.15,0.83
2183,3,5,20210610,4,4,740.03,660,2960.12,2338.49,467.7
2184,2,169,20210604,5,5,1016.67,900,5083.35,4015.85,803.17
2185,9,12,20210621,1,3,37.28,26,111.84,88.35,17.67
2186,4,32,20231219,5,2,30.66,22,61.33,48.45,9.69
2187,6,172,20211014,3,1,11.45,10,11.45,9.05,1.81
2188,9,149,20231207,3,3,30.69,26,92.06,72.73,14.55
2189,20,62,20221220,5,5,20.42,18,102.08,80.64,16.13
2190,1,136,20230411,2,2,1139.13,720,2278.27,1799.83,359.97
2191,18,2,20210903,6,1,24.99,16,24.99,19.74,3.95
2192,16,94,20221226,6,5,8.35,7,41.74,32.97,6.59
2193,4,47,20230824,3,4,28.87,22,115.46,91.21,18.24
2194,8,105,20230109,1,3,30.21,26,90.62,71.59,14.32
2195,17,35,20210608,4,3,79.88,55,239.64,189.32,37.86
2196,2,22,20230310,3,4,1042.08,900,4168.3,3292.96,658.59
2197,15,154,20220211,6,3,64.96,45,194.88,153.96,30.79
2198,8,142,20220929,4,3,41.4,26,124.21,98.13,19.63
2199,7,18,20220907,4,3,16.66,14,49.97,39.48,7.9
2200,16,173,20230825,1,4,9.23,7,36.93,29.17,5.83
2201,3,31,20230803,2,4,858.21,660,3432.82,2711.93,542.39
2202,4,190,20230427,2,1,28.2,22,28.2,22.28,4.46
2203,11,52,20211013,5,4,9.29,8,37.16,29.36,5.87
2204,16,72,20220901,6,5,9.78,7,48.89,38.62,7.72
2205,13,92,20231221,4,5,9.45,6,47.25,37.33,7.47
2206,17,72,20221128,2,4,63.47,55,253.88,200.57,40.11
2207,16,128,20211227,2,2,7.8,7,15.61,12.33,2.47
2208,2,18,20231124,4,1,1427.43,900,1427.43,1127.67,225.53
2209,20,174,20220704,3,2,22.52,18,45.05,35.59,7.12
2210,4,195,20230614,1,5,32.64,22,163.22,128.94,25.79
2211,7,76,20221101,6,4,18.83,14,75.33,59.51,11.9
2212,18,88,20220111,5,5,17.74,16,88.71,70.08,14.02
2213,14,31,20210216,4,4,11.32,9,45.26,35.76,7.15
2214,15,118,20220624,1,1,53.48,45,53.48,42.25,8.45
2215,10,181,20230804,2,4,42.09,32,168.36,133.0,26.6
2216,13,125,20220324,1,5,8.63,6,43.13,34.07,6.81
2217,18,176,20230804,5,5,21.36,16,106.79,84.36,16.87
2218,6,130,20230317,1,4,12.32,10,49.27,38.92,7.78
2219,13,158,20230428,6,3,8.9,6,26.7,21.09,4.22
2220,11,16,20220214,1,5,8.98,8,44.9,35.47,7.09
2221,12,190,20220610,5,1,7.41,5,7.41,5.85,1.17
2222,11,98,20230616,1,4,10.18,8,40.72,32.17,6.43
2223,14,90,20220527,1,2,11.01,9,22.03,17.4,3.48
2224,10,152,20230719,1,1,49.1,32,49.1,38.79,7.76
2225,11,44,20210615,1,5,10.1,8,50.52,39.91,7.98
2226,14,146,20221024,5,4,11.1,9,44.4,35.08,7.02
2227,16,151,20230926,1,3,9.02,7,27.07,21.39,4.28
2228,11,147,20220714,1,4,9.2,8,36.8,29.07,5.81
2229,7,87,20230828,4,5,21.08,14,105.4,83.27,16.65
2230,11,43,20230816,5,3,10.25,8,30.76,24.3,4.86
2231,7,128,20220919,6,1,21.28,14,21.28,16.81,3.36
2232,7,74,20230208,3,1,17.48,14,17.48,13.81,2.76
2233,13,58,20230404,5,1,8.75,6,8.75,6.91,1.38
2234,4,152,20230411,3,3,24.94,22,74.82,59.11,11.82
2235,16,110,20230201,2,3,10.48,7,31.45,24.85,4.97
2236,10,130,20230725,3,4,45.82,32,183.26,144.78,28.96
2237,7,107,20220325,4,3,19.77,14,59.32,46.86,9.37
2238,18,47,20221013,1,5,24.5,16,122.51,96.78,19.36
2239,16,55,20230407,6,4,8.64,7,34.55,27.29,5.46
2240,18,158,20230705,4,5,23.41,16,117.06,92.48,18.5
2241,17,52,20210329,3,4,64.56,55,258.25,204.02,40.8
2242,10,112,20210805,4,3,48.96,32,146.89,116.04,23.21
2243,7,106,20210402,3,3,19.92,14,59.77,47.22,9.44
2244,20,61,20220104,4,2,20.82,18,41.64,32.9,6.58
2245,1,63,20211004,3,4,966.74,720,3866.95,3054.89,610.98
2246,14,166,20220919,1,2,10.62,9,21.23,16.77,3.35
2247,1,67,20210715,3,5,855.35,720,4276.77,3378.65,675.73
2248,16,6,20210303,1,1,8.8,7,8.8,6.95,1.39
2249,3,105,20220304,3,1,856.98,660,856.98,677.01,135.4
2250,5,61,20231106,1,5,5.87,4,29.34,23.18,4.64
2251,17,171,20210623,5,5,67.42,55,337.12,266.32,53.26
2252,8,154,20210511,1,3,32.88,26,98.64,77.93,15.59
2253,13,192,20230419,6,2,9.41,6,18.81,14.86,2.97
2254,5,28,20211110,2,2,6.34,4,12.68,10.02,2.0
2255,14,66,20220923,5,1,12.11,9,12.11,9.57,1.91
2256,4,82,20220622,5,4,29.42,22,117.69,92.98,18.6
2257,9,38,20211221,3,4,37.9,26,151.61,119.77,23.95
2258,1,166,20220318,5,1,1094.93,720,1094.93,864.99,173.0
2259,2,177,20230809,6,2,1103.84,900,2207.68,1744.07,348.81
2260,10,164,20220706,6,3,49.65,32,148.95,117.67,23.53
2261,4,137,20230911,2,4,28.47,22,113.89,89.97,17.99
2262,9,78,20220719,1,2,32.47,26,64.93,51.29,10.26
2263,15,162,20210819,3,4,67.26,45,269.04,212.54,42.51
2264,3,200,20220128,4,4,969.19,660,3876.76,3062.64,612.53
2265,14,26,20220422,2,3,12.18,9,36.54,28.87,5.77
2266,14,155,20220520,6,5,13.22,9,66.1,52.22,10.44
2267,1,196,20221013,1,2,1018.86,720,2037.71,1609.79,321.96
2268,5,1,20230710,4,2,5.66,4,11.31,8.93,1.79
2269,19,22,20220328,1,2,14.7,12,29.4,23.23,4.65
2270,5,153,20231020,6,4,5.99,4,23.94,18.91,3.78
2271,15,123,20220405,6,2,55.37,45,110.73,87.48,17.5
2272,19,84,20230913,3,2,13.71,12,27.41,21.65,4.33
2273,6,101,20220613,4,5,12.12,10,60.61,47.88,9.58
2274,18,166,20210203,5,2,24.85,16,49.71,39.27,7.85
2275,7,68,20221026,6,2,15.75,14,31.5,24.89,4.98
2276,14,154,20230606,3,2,10.3,9,20.6,16.27,3.25
2277,6,146,20220613,1,1,14.59,10,14.59,11.53,2.31
2278,15,173,20220916,4,1,54.55,45,54.55,43.09,8.62
2279,7,69,20211020,3,4,18.07,14,72.3,57.12,11.42
2280,7,154,20220912,2,3,20.49,14,61.46,48.55,9.71
2281,14,47,20210929,4,2,10.03,9,20.06,15.85,3.17
2282,8,159,20220112,4,2,33.41,26,66.81,52.78,10.56
2283,15,22,20230908,1,4,52.5,45,209.99,165.89,33.18
2284,13,176,20220411,2,4,8.73,6,34.9,27.57,5.51
2285,20,66,20231122,1,1,24.81,18,24.81,19.6,3.92
2286,11,61,20210317,4,3,12.79,8,38.36,30.3,6.06
2287,20,182,20230821,6,1,19.85,18,19.85,15.68,3.14
2288,20,98,20221226,3,4,25.84,18,103.37,81.66,16.33
2289,18,11,20210709,5,2,19.68,16,39.36,31.09,6.22
2290,16,87,20221223,4,2,8.01,7,16.03,12.66,2.53
2291,17,111,20231017,2,3,63.71,55,191.14,151.0,30.2
2292,5,128,20210305,3,3,6.25,4,18.76,14.82,2.96
2293,9,157,20220210,3,5,32.67,26,163.35,129.05,25.81
2294,11,189,20210825,4,2,11.02,8,22.05,17.42,3.48
2295,15,14,20230802,2,2,50.73,45,101.46,80.15,16.03
2296,2,121,20210921,3,2,1307.68,900,2615.37,2066.14,413.23
2297,4,127,20220919,1,4,28.12,22,112.49,88.87,17.77
2298,18,125,20231016,4,4,18.5,16,74.0,58.46,11.69
2299,5,32,20231031,3,1,4.81,4,4.81,3.8,0.76
2300,6,44,20220211,6,5,15.11,10,75.56,59.69,11.94
2301,19,55,20230320,5,1,16.36,12,16.36,12.92,2.58
2302,6,107,20230330,1,2,14.84,10,29.68,23.45,4.69
2303,4,85,20230830,1,3,31.69,22,95.08,75.11,15.02
2304,4,101,20230904,3,5,34.42,22,172.1,135.96,27.19
2305,11,40,20210602,1,1,10.64,8,10.64,8.41,1.68
2306,16,117,20231012,6,3,9.78,7,29.34,23.18,4.64
2307,11,12,20210108,6,5,12.6,8,63.02,49.79,9.96
2308,19,34,20220412,2,1,18.01,12,18.01,14.23,2.85
2309,11,15,20220210,6,1,10.99,8,10.99,8.68,1.74
2310,13,24,20230515,4,3,7.13,6,21.4,16.91,3.38
2311,3,6,20220727,2,2,854.21,660,1708.41,1349.64,269.93
2312,10,166,20220802,6,2,37.13,32,74.26,58.67,11.73
2313,14,189,20221206,3,5,10.49,9,52.45,41.44,8.29
2314,4,95,20230814,5,2,29.59,22,59.17,46.74,9.35
2315,16,69,20220712,5,5,9.18,7,45.9,36.26,7.25
2316,14,95,20231221,5,2,11.85,9,23.71,18.73,3.75
2317,3,11,20220905,5,3,1047.18,660,3141.54,2481.82,496.36
2318,8,166,20230829,6,2,40.7,26,81.4,64.31,12.86
2319,17,22,20230126,3,4,72.53,55,290.11,229.19,45.84
2320,10,39,20221117,2,3,48.66,32,145.99,115.33,23.07
2321,14,76,20230120,5,1,12.38,9,12.38,9.78,1.96
2322,17,28,20210308,5,4,71.86,55,287.43,227.07,45.41
2323,19,65,20221028,3,3,16.71,12,50.14,39.61,7.92
2324,1,30,20221223,6,4,856.64,720,3426.56,2706.98,541.4
2325,13,12,20210920,1,4,9.23,6,36.92,29.17,5.83
2326,11,151,20220303,6,4,11.83,8,47.32,37.38,7.48
2327,20,68,20221007,3,2,21.7,18,43.4,34.29,6.86
2328,20,67,20210423,6,1,23.7,18,23.7,18.72,3.74
2329,1,102,20210127,1,1,853.82,720,853.82,674.52,134.9
2330,15,178,20221116,4,5,65.83,45,329.17,260.04,52.01
2331,20,158,20220311,3,4,27.04,18,108.17,85.45,17.09
2332,5,35,20210506,1,2,4.62,4,9.25,7.31,1.46
2333,7,7,20210125,2,4,19.94,14,79.76,63.01,12.6
2334,8,112,20230721,6,5,31.08,26,155.41,122.77,24.55
2335,15,38,20220309,4,4,49.99,45,199.96,157.97,31.59
2336,5,190,20210827,6,4,6.33,4,25.31,19.99,4.0
2337,1,116,20221108,5,2,864.48,720,1728.96,1365.88,273.18
2338,13,14,20230329,3,1,6.91,6,6.91,5.46,1.09
2339,14,107,20231020,4,5,12.58,9,62.91,49.7,9.94
2340,10,10,20230307,4,4,42.98,32,171.91,135.81,27.16
2341,20,174,20230428,4,2,26.23,18,52.46,41.44,8.29
2342,1,109,20230127,5,3,991.17,720,2973.52,2349.08,469.82
2343,14,122,20220120,1,4,12.7,9,50.81,40.14,8.03
2344,12,115,20230717,6,4,5.55,5,22.21,17.55,3.51
2345,7,121,20220217,3,4,17.02,14,68.1,53.8,10.76
2346,19,176,20211111,3,5,18.32,12,91.6,72.36,14.47
2347,15,34,20231024,3,4,71.1,45,284.38,224.66,44.93
2348,12,121,20230824,2,5,6.02,5,30.09,23.77,4.75
2349,3,171,20230919,4,2,783.19,660,1566.37,1237.43,247.49
2350,20,126,20210813,1,4,28.29,18,113.15,89.39,17.88
2351,10,61,20221209,2,5,35.95,32,179.76,142.01,28.4
2352,12,67,20210127,3,2,5.94,5,11.87,9.38,1.88
2353,2,17,20221223,3,4,1041.29,900,4165.14,3290.46,658.09
2354,4,144,20211123,2,4,27.04,22,108.14,85.43,17.09
2355,12,197,20220504,1,5,6.17,5,30.84,24.36,4.87
2356,17,155,20210805,6,1,79.93,55,79.93,63.14,12.63
2357,15,194,20220921,1,1,67.09,45,67.09,53.0,10.6
2358,4,144,20230525,1,5,25.36,22,126.8,100.17,20.03
2359,4,53,20230623,3,2,32.21,22,64.42,50.89,10.18
2360,15,196,20231013,5,4,65.98,45,263.93,208.5,41.7
2361,5,166,20210524,3,3,6.04,4,18.11,14.31,2.86
2362,7,113,20210625,4,1,17.12,14,17.12,13.52,2.7
2363,11,74,20221111,5,2,9.14,8,18.28,14.44,2.89
2364,14,93,20220620,6,2,10.58,9,21.16,16.72,3.34
2365,17,108,20231218,2,2,82.55,55,165.1,130.43,26.09
2366,14,118,20220817,5,3,14.15,9,42.44,33.53,6.71
2367,5,198,20220928,1,5,6.29,4,31.44,24.84,4.97
2368,11,81,20210503,4,2,10.54,8,21.07,16.65,3.33
2369,2,170,20220719,6,2,1396.13,900,2792.26,2205.89,441.18
2370,17,76,20210325,4,4,84.86,55,339.44,268.16,53.63
2371,18,78,20231003,6,3,24.87,16,74.62,58.95,11.79
2372,9,136,20210113,5,2,37.7,26,75.41,59.57,11.91
2373,7,140,20221003,5,5,19.96,14,99.82,78.86,15.77
2374,12,167,20230928,4,2,7.7,5,15.4,12.17,2.43
2375,2,138,20210503,3,4,1316.29,900,5265.18,4159.49,831.9
2376,5,134,20231128,5,3,4.83,4,14.48,11.44,2.29
2377,18,80,20230104,5,3,23.66,16,70.97,56.07,11.21
2378,1,8,20210818,5,5,885.13,720,4425.64,3496.26,699.25
2379,14,130,20220314,1,1,13.69,9,13.69,10.82,2.16
2380,17,91,20220107,1,1,81.31,55,81.31,64.23,12.85
2381,15,77,20210629,5,1,59.7,45,59.7,47.16,9.43
2382,19,145,20211206,6,5,18.27,12,91.33,72.15,14.43
2383,12,77,20211202,3,5,7.18,5,35.91,28.37,5.67
2384,13,134,20231023,6,2,6.92,6,13.83,10.93,2.19
2385,19,50,20230111,3,4,13.79,12,55.15,43.57,8.71
2386,14,106,20231018,1,1,10.18,9,10.18,8.04,1.61
2387,16,55,20210707,4,1,8.99,7,8.99,7.1,1.42
2388,13,151,20230125,5,5,8.94,6,44.68,35.3,7.06
2389,19,128,20220114,6,4,19.18,12,76.72,60.61,12.12
2390,16,188,20230915,4,2,8.21,7,16.41,12.96,2.59
2391,16,183,20210702,4,2,11.09,7,22.18,17.52,3.5
2392,17,31,20230106,6,2,73.02,55,146.05,115.38,23.08
2393,6,144,20210217,3,1,14.01,10,14.01,11.07,2.21
2394,4,31,20220810,3,5,27.39,22,136.93,108.17,21.63
2395,5,31,20230120,3,3,6.38,4,19.15,15.13,3.03
2396,10,125,20220311,1,2,37.47,32,74.95,59.21,11.84
2397,14,13,20230426,3,3,10.87,9,32.61,25.76,5.15
2398,16,1,20231128,1,5,8.92,7,44.6,35.23,7.05
2399,14,124,20210305,5,3,12.45,9,37.34,29.5,5.9
2400,13,122,20220429,6,5,7.0,6,34.99,27.64,5.53
2401,17,163,20210719,4,4,78.85,55,315.39,249.16,49.83
2402,11,23,20210803,5,5,10.44,8,52.19,41.23,8.25
2403,13,87,20211201,5,1,9.47,6,9.47,7.48,1.5
2404,9,166,20220928,1,2,37.79,26,75.59,59.72,11.94
2405,10,144,20230331,6,1,45.5,32,45.5,35.95,7.19
2406,7,159,20210504,5,5,20.7,14,103.52,81.78,16.36
2407,17,49,20230329,4,5,85.16,55,425.82,336.4,67.28
2408,18,47,20210623,1,3,23.89,16,71.68,56.63,11.33
2409,19,114,20211220,1,5,16.84,12,84.21,66.53,13.31
2410,19,12,20220801,4,1,15.24,12,15.24,12.04,2.41
2411,14,7,20210916,5,3,11.62,9,34.86,27.54,5.51
2412,4,26,20210512,5,2,27.34,22,54.68,43.2,8.64
2413,9,197,20210921,1,2,32.59,26,65.18,51.49,10.3
2414,6,16,20220809,5,3,11.91,10,35.72,28.22,5.64
2415,2,77,20231020,4,1,1134.02,900,1134.02,895.88,179.18
2416,11,67,20220816,4,1,9.01,8,9.01,7.12,1.42
2417,20,151,20211210,2,4,24.38,18,97.51,77.03,15.41
2418,13,30,20221226,3,1,7.56,6,7.56,5.97,1.19
2419,14,17,20230306,4,1,11.73,9,11.73,9.27,1.85
2420,1,69,20211202,5,5,1035.04,720,5175.18,4088.39,817.68
2421,18,167,20211221,2,3,22.15,16,66.44,52.49,10.5
2422,3,163,20221003,5,2,984.35,660,1968.7,1555.27,311.05
2423,12,139,20210723,2,2,6.84,5,13.69,10.82,2.16
2424,18,116,20220831,1,1,24.1,16,24.1,19.04,3.81
2425,10,168,20230609,2,1,36.16,32,36.16,28.57,5.71
2426,9,154,20221123,3,4,41.59,26,166.36,131.42,26.28
2427,7,150,20230627,5,3,15.72,14,47.16,37.26,7.45
2428,18,145,20231127,1,3,18.32,16,54.95,43.41,8.68
2429,4,36,20230929,6,5,35.19,22,175.94,138.99,27.8
2430,7,157,20220913,5,3,21.59,14,64.76,51.16,10.23
2431,9,193,20220506,6,4,32.15,26,128.6,101.59,20.32
2432,11,88,20230809,2,4,12.64,8,50.54,39.93,7.99
2433,1,178,20220418,2,1,1011.16,720,1011.16,798.82,159.76
2434,1,173,20210107,2,4,992.08,720,3968.34,3134.99,627.0
2435,16,196,20230927,4,5,7.98,7,39.92,31.54,6.31
2436,3,138,20230720,1,4,947.84,660,3791.36,2995.17,599.03
2437,13,154,20220523,3,4,7.13,6,28.53,22.54,4.51
2438,1,32,20230927,4,3,1129.05,720,3387.15,2675.85,535.17
2439,1,57,20220930,6,1,1065.03,720,1065.03,841.37,168.27
2440,12,50,20230904,1,5,7.06,5,35.32,27.9,5.58
2441,8,60,20231027,4,3,29.08,26,87.24,68.92,13.78
2442,20,54,20221208,1,2,28.66,18,57.32,45.28,9.06
2443,13,29,20230705,3,5,8.1,6,40.5,32.0,6.4
2444,18,50,20210902,6,5,22.98,16,114.89,90.76,18.15
2445,19,45,20230516,1,5,13.97,12,69.85,55.18,11.04
2446,5,67,20210405,5,2,6.16,4,12.32,9.73,1.95
2447,9,50,20231113,6,1,41.5,26,41.5,32.79,6.56
2448,18,158,20230921,3,5,24.66,16,123.32,97.42,19.48
2449,14,165,20210105,6,1,13.74,9,13.74,10.85,2.17
2450,14,105,20220408,3,1,12.96,9,12.96,10.24,2.05
2451,16,93,20221101,5,1,10.79,7,10.79,8.52,1.7
2452,2,72,20211118,4,5,1191.99,900,5959.94,4708.35,941.67
2453,13,50,20210108,3,1,9.24,6,9.24,7.3,1.46
2454,8,177,20210205,4,1,40.52,26,40.52,32.01,6.4
2455,6,85,20211011,3,1,14.13,10,14.13,11.16,2.23
2456,1,123,20210520,4,1,1005.31,720,1005.31,794.19,158.84
2457,11,65,20230619,2,1,10.69,8,10.69,8.45,1.69
2458,2,86,20220504,5,2,1414.6,900,2829.19,2235.06,447.01
2459,20,113,20230511,1,4,25.01,18,100.04,79.03,15.81
2460,2,9,20210504,4,3,1390.54,900,4171.61,3295.57,659.11
2461,3,33,20230922,1,4,744.08,660,2976.32,2351.29,470.26
2462,14,17,20230526,1,1,12.42,9,12.42,9.81,1.96
2463,13,103,20220228,1,5,8.86,6,44.28,34.98,7.0
2464,20,169,20211201,5,1,23.88,18,23.88,18.87,3.77
2465,14,159,20221028,5,1,11.43,9,11.43,9.03,1.81
2466,1,117,20230828,5,3,1003.61,720,3010.84,2378.56,475.71
2467,4,4,20210604,5,1,30.72,22,30.72,24.27,4.85
2468,19,33,20211006,6,5,14.74,12,73.69,58.22,11.64
2469,16,186,20220829,5,4,8.35,7,33.4,26.39,5.28
2470,2,16,20210716,2,3,1253.04,900,3759.11,2969.7,593.94
2471,12,80,20230106,5,5,7.44,5,37.19,29.38,5.88
2472,16,80,20210730,5,3,8.72,7,26.16,20.67,4.13
2473,17,151,20210113,6,2,62.08,55,124.15,98.08,19.62
2474,18,14,20221229,4,3,19.16,16,57.49,45.42,9.08
2475,7,18,20211015,3,2,20.08,14,40.15,31.72,6.34
2476,15,154,20230925,6,3,68.67,45,206.01,162.75,32.55
2477,11,158,20230323,3,4,10.11,8,40.46,31.96,6.39
2478,15,11,20210601,4,2,70.2,45,140.4,110.92,22.18
2479,8,178,20230706,2,4,36.71,26,146.84,116.0,23.2
2480,16,189,20211209,3,4,8.42,7,33.67,26.6,5.32
2481,1,93,20210922,1,1,920.84,720,920.84,727.46,145.49
2482,4,37,20230308,3,4,26.34,22,105.35,83.23,16.65
2483,12,12,20230420,1,2,5.99,5,11.99,9.47,1.89
2484,8,68,20210908,6,2,33.02,26,66.04,52.17,10.43
2485,8,46,20230307,2,1,30.89,26,30.89,24.4,4.88
2486,4,6,20220112,6,2,28.37,22,56.74,44.82,8.96
2487,11,54,20210609,3,4,9.76,8,39.04,30.84,6.17
2488,6,135,20220620,5,4,15.39,10,61.57,48.64,9.73
2489,4,37,20210405,2,2,26.31,22,52.62,41.57,8.31
2490,12,82,20220628,5,4,7.94,5,31.77,25.1,5.02
2491,2,196,20211217,5,5,1075.1,900,5375.48,4246.63,849.33
2492,10,39,20230208,3,2,36.05,32,72.1,56.96,11.39
2493,5,131,20220207,5,4,4.82,4,19.27,15.22,3.04
2494,16,170,20210428,5,1,8.29,7,8.29,6.55,1.31
2495,17,96,20220712,4,5,73.27,55,366.34,289.41,57.88
2496,12,135,20220407,6,4,7.29,5,29.16,23.04,4.61
2497,16,69,20221212,5,4,9.93,7,39.73,31.39,6.28
2498,2,54,20230418,2,2,1193.44,900,2386.87,1885.63,377.13
2499,13,56,20211203,3,4,9.27,6,37.06,29.28,5.86
2500,6,96,20230331,3,5,11.42,10,57.12,45.12,9.02
2501,3,76,20231214,4,5,842.02,660,4210.1,3325.98,665.2
2502,2,120,20230418,5,5,1141.37,900,5706.84,4508.4,901.68
2503,15,111,20221010,4,3,67.6,45,202.8,160.21,32.04
2504,9,98,20220331,1,2,34.34,26,68.68,54.26,10.85
2505,3,92,20220117,1,3,1004.06,660,3012.18,2379.62,475.92
2506,18,165,20230106,1,3,25.01,16,75.04,59.28,11.86
2507,4,19,20210521,3,1,30.21,22,30.21,23.87,4.77
2508,7,173,20220425,3,3,17.52,14,52.56,41.52,8.3
2509,9,49,20230907,6,5,41.57,26,207.87,164.22,32.84
2510,18,67,20231215,1,3,19.85,16,59.56,47.05,9.41
2511,13,104,20220512,5,1,8.02,6,8.02,6.34,1.27
2512,5,102,20230105,2,2,5.85,4,11.69,9.24,1.85
2513,16,60,20211028,5,5,10.45,7,52.25,41.28,8.26
2514,15,185,20231222,4,3,67.32,45,201.95,159.54,31.91
2515,7,110,20220325,6,4,16.87,14,67.47,53.3,10.66
2516,18,8,20221007,3,2,22.22,16,44.44,35.11,7.02
2517,10,189,20210705,1,4,48.17,32,192.67,152.21,30.44
2518,11,58,20220525,4,4,11.54,8,46.17,36.47,7.29
2519,18,77,20220803,3,5,17.79,16,88.93,70.25,14.05
2520,5,40,20210216,3,5,5.66,4,28.3,22.36,4.47
2521,20,147,20230516,4,4,21.64,18,86.55,68.37,13.67
2522,3,137,20220715,4,2,882.68,660,1765.35,1394.63,278.93
2523,19,116,20220418,6,3,13.76,12,41.28,32.61,6.52
2524,18,46,20210531,1,5,21.51,16,107.54,84.96,16.99
2525,7,18,20210927,4,3,16.84,14,50.52,39.91,7.98
2526,17,18,20220223,4,1,70.64,55,70.64,55.81,11.16
2527,6,84,20210118,4,4,11.79,10,47.14,37.24,7.45
2528,5,138,20210609,4,4,5.89,4,23.55,18.6,3.72
2529,7,34,20220713,2,3,18.43,14,55.28,43.67,8.73
2530,16,41,20231016,5,5,10.99,7,54.94,43.4,8.68
2531,7,129,20230424,6,4,17.33,14,69.31,54.75,10.95
2532,5,115,20210112,1,4,5.61,4,22.44,17.73,3.55
2533,17,85,20211221,5,4,73.16,55,292.62,231.17,46.23
2534,2,189,20230406,1,3,1280.83,900,3842.5,3035.58,607.12
2535,12,180,20221018,6,3,6.48,5,19.43,15.35,3.07
2536,14,64,20210909,2,5,13.2,9,66.0,52.14,10.43
2537,13,169,20221019,2,5,6.89,6,34.43,27.2,5.44
2538,2,62,20230929,2,3,1387.15,900,4161.45,3287.55,657.51
2539,10,171,20230210,1,2,49.74,32,99.48,78.59,15.72
2540,18,32,20220815,3,1,23.64,16,23.64,18.68,3.74
2541,11,105,20221226,4,2,9.81,8,19.62,15.5,3.1
2542,2,119,20221228,1,1,1277.49,900,1277.49,1009.22,201.84
2543,15,98,20230828,3,4,68.75,45,275.02,217.27,43.45
2544,2,3,20220725,3,1,1309.09,900,1309.09,1034.18,206.84
2545,11,172,20210715,6,4,10.74,8,42.96,33.94,6.79
2546,3,141,20210408,6,2,961.48,660,1922.96,1519.14,303.83
2547,5,121,20220921,3,2,4.74,4,9.48,7.49,1.5
2548,20,26,20210127,2,3,20.92,18,62.75,49.57,9.91
2549,13,44,20231130,1,1,8.63,6,8.63,6.82,1.36
2550,15,92,20210810,2,2,65.57,45,131.15,103.61,20.72
2551,18,56,20230828,4,1,24.29,16,24.29,19.19,3.84
2552,4,100,20230120,6,3,29.08,22,87.25,68.93,13.79
2553,1,13,20230509,4,2,1126.38,720,2252.75,1779.67,355.93
2554,8,52,20220622,1,1,34.08,26,34.08,26.92,5.38
2555,11,50,20210121,6,1,9.68,8,9.68,7.65,1.53
2556,6,186,20210519,2,1,13.08,10,13.08,10.33,2.07
2557,11,83,20210604,5,2,11.3,8,22.6,17.85,3.57
2558,13,110,20230216,1,2,7.24,6,14.48,11.44,2.29
2559,11,45,20220527,1,4,11.42,8,45.66,36.07,7.21
2560,13,55,20210119,4,2,6.8,6,13.6,10.74,2.15
2561,20,95,20220204,1,1,27.77,18,27.77,21.94,4.39
2562,10,197,20220812,5,4,50.93,32,203.72,160.94,32.19
2563,18,146,20210527,2,3,25.27,16,75.82,59.9,11.98
2564,11,162,20230511,6,4,11.51,8,46.05,36.38,7.28
2565,5,86,20230922,2,3,6.36,4,19.07,15.07,3.01
2566,16,18,20230815,3,1,9.83,7,9.83,7.77,1.55
2567,15,98,20230420,5,2,60.83,45,121.65,96.1,19.22
2568,1,60,20231009,1,5,1065.22,720,5326.09,4207.61,841.52
2569,10,61,20210629,6,4,47.32,32,189.26,149.52,29.9
2570,3,16,20230608,2,3,890.58,660,2671.74,2110.67,422.13
2571,5,97,20211018,2,1,4.88,4,4.88,3.86,0.77
2572,20,114,20231107,6,3,21.01,18,63.03,49.79,9.96
2573,2,134,20220401,4,3,1327.75,900,3983.24,3146.76,629.35
2574,11,88,20211125,2,2,10.96,8,21.91,17.31,3.46
2575,8,176,20230811,6,2,36.5,26,73.01,57.68,11.54
2576,17,83,20220701,2,4,77.82,55,311.28,245.91,49.18
2577,16,18,20210405,2,1,9.92,7,9.92,7.84,1.57
2578,7,33,20210722,1,2,19.55,14,39.1,30.89,6.18
2579,8,130,20211021,1,4,38.02,26,152.1,120.16,24.03
2580,6,185,20220323,2,2,13.12,10,26.24,20.73,4.15
2581,8,78,20230519,3,5,34.43,26,172.14,135.99,27.2
2582,7,70,20230630,4,1,22.06,14,22.06,17.43,3.49
2583,13,97,20220601,2,4,7.92,6,31.7,25.04,5.01
2584,20,189,20221227,4,2,27.18,18,54.35,42.94,8.59
2585,1,196,20221123,4,4,1099.46,720,4397.82,3474.28,694.86
2586,10,153,20231226,5,2,44.05,32,88.09,69.59,13.92
2587,9,98,20210909,4,3,34.5,26,103.49,81.76,16.35
2588,18,156,20220623,4,1,20.27,16,20.27,16.01,3.2
2589,16,51,20231024,2,2,7.71,7,15.43,12.19,2.44
2590,12,126,20221220,4,4,7.85,5,31.4,24.81,4.96
2591,12,99,20231201,4,3,7.1,5,21.31,16.83,3.37
2592,3,105,20230425,1,1,852.99,660,852.99,673.86,134.77
2593,6,50,20230323,4,3,14.86,10,44.57,35.21,7.04
2594,12,131,20231214,6,4,7.09,5,28.35,22.4,4.48
2595,2,167,20220614,4,4,1321.05,900,5284.2,4174.52,834.9
2596,16,9,20211215,3,1,10.14,7,10.14,8.01,1.6
2597,5,67,20230714,5,4,6.29,4,25.15,19.87,3.97
2598,9,64,20210730,5,5,40.97,26,204.87,161.85,32.37
2599,1,30,20210820,1,4,935.16,720,3740.64,2955.11,591.02
2600,3,133,20230421,2,4,780.72,660,3122.89,2467.08,493.42
2601,9,178,20220906,3,5,41.18,26,205.9,162.66,32.53
2602,13,151,20230803,3,4,8.86,6,35.43,27.99,5.6
2603,3,28,20231110,6,5,982.31,660,4911.54,3880.12,776.02
2604,5,69,20220510,6,2,6.26,4,12.52,9.89,1.98
2605,10,2,20220726,2,4,35.23,32,140.9,111.31,22.26
2606,14,135,20210412,4,3,13.2,9,39.6,31.28,6.26
2607,6,96,20210902,2,2,11.99,10,23.98,18.94,3.79
2608,17,29,20210920,4,5,82.9,55,414.48,327.44,65.49
2609,7,16,20210924,6,2,21.06,14,42.13,33.28,6.66
2610,9,105,20211004,4,5,30.02,26,150.1,118.58,23.72
2611,6,21,20230703,3,1,12.89,10,12.89,10.18,2.04
2612,3,88,20220202,1,5,803.48,660,4017.39,3173.74,634.75
2613,4,3,20221128,1,3,32.47,22,97.41,76.95,15.39
2614,19,11,20210112,1,2,16.33,12,32.67,25.81,5.16
2615,13,155,20210112,5,3,9.4,6,28.19,22.27,4.45
2616,11,155,20221110,4,3,10.28,8,30.85,24.37,4.87
2617,11,62,20220509,3,4,10.31,8,41.25,32.59,6.52
2618,12,85,20210324,1,1,6.64,5,6.64,5.25,1.05
2619,13,186,20230929,2,1,8.41,6,8.41,6.64,1.33
2620,9,180,20230201,2,3,34.47,26,103.42,81.7,16.34
2621,16,132,20230912,4,2,7.71,7,15.42,12.18,2.44
2622,11,5,20230705,6,3,12.29,8,36.88,29.14,5.83
2623,11,174,20231122,4,2,11.23,8,22.45,17.74,3.55
2624,20,21,20220728,3,4,28.25,18,113.01,89.28,17.86
2625,4,188,20221115,4,3,30.88,22,92.64,73.19,14.64
2626,5,134,20231019,5,5,4.46,4,22.32,17.63,3.53
2627,3,78,20221215,6,5,1051.78,660,5258.91,4154.54,830.91
2628,6,115,20221102,1,4,14.31,10,57.25,45.23,9.05
2629,8,55,20211213,2,1,29.97,26,29.97,23.68,4.74
2630,1,42,20231024,3,4,1067.87,720,4271.48,3374.47,674.89
2631,9,171,20211112,4,1,37.25,26,37.25,29.43,5.89
2632,16,24,20230207,6,3,10.75,7,32.26,25.49,5.1
2633,20,17,20230406,6,3,23.19,18,69.58,54.97,10.99
2634,13,168,20231026,6,5,9.5,6,47.49,37.52,7.5
2635,8,58,20220920,3,1,32.38,26,32.38,25.58,5.12
2636,3,88,20210610,6,5,1035.28,660,5176.4,4089.36,817.87
2637,4,147,20231205,3,2,33.59,22,67.17,53.06,10.61
2638,19,189,20220630,1,3,13.57,12,40.71,32.16,6.43
2639,7,100,20230208,4,3,20.8,14,62.4,49.3,9.86
2640,5,134,20230901,6,5,5.58,4,27.91,22.05,4.41
2641,13,3,20210603,5,4,7.55,6,30.19,23.85,4.77
2642,8,128,20220302,6,4,30.52,26,122.07,96.44,19.29
2643,5,192,20220211,6,1,5.6,4,5.6,4.42,0.88
2644,17,177,20220321,1,3,87.91,55,263.74,208.35,41.67
2645,19,123,20231011,6,2,16.17,12,32.34,25.55,5.11
2646,13,16,20231009,3,2,9.08,6,18.17,14.35,2.87
2647,8,180,20211029,6,1,40.6,26,40.6,32.07,6.41
2648,16,187,20210915,4,3,11.15,7,33.44,26.42,5.28
2649,6,6,20230804,5,4,12.69,10,50.75,40.09,8.02
2650,16,90,20230831,4,4,7.95,7,31.81,25.13,5.03
2651,10,73,20231109,6,2,46.42,32,92.84,73.34,14.67
2652,13,25,20230227,2,3,8.86,6,26.57,20.99,4.2
2653,2,182,20230413,3,4,1284.59,900,5138.34,4059.29,811.86
2654,5,114,20230410,6,4,4.98,4,19.93,15.74,3.15
2655,7,56,20210728,6,2,20.55,14,41.09,32.46,6.49
2656,12,186,20210114,5,1,7.2,5,7.2,5.69,1.14
2657,13,110,20210802,6,2,9.38,6,18.76,14.82,2.96
2658,12,122,20210519,2,1,5.79,5,5.79,4.57,0.91
2659,11,152,20230110,4,2,11.31,8,22.62,17.87,3.57
2660,8,9,20220803,1,2,33.76,26,67.51,53.33,10.67
2661,20,45,20220310,6,4,26.78,18,107.13,84.63,16.93
2662,3,200,20230821,4,4,816.82,660,3267.29,2581.16,516.23
2663,15,95,20230726,1,1,52.12,45,52.12,41.17,8.23
2664,16,165,20210624,6,5,8.49,7,42.44,33.53,6.71
2665,19,147,20230421,4,3,17.36,12,52.09,41.15,8.23
2666,19,47,20210517,4,4,19.2,12,76.8,60.67,12.13
2667,14,77,20231005,5,2,10.35,9,20.69,16.35,3.27
2668,18,48,20210402,4,1,20.75,16,20.75,16.39,3.28
2669,17,126,20230209,1,5,83.52,55,417.61,329.91,65.98
2670,4,193,20230213,2,1,26.19,22,26.19,20.69,4.14
2671,6,2,20230510,5,4,15.0,10,60.01,47.41,9.48
2672,2,33,20210625,5,2,1283.69,900,2567.38,2028.23,405.65
2673,18,66,20210506,1,1,25.44,16,25.44,20.1,4.02
2674,10,94,20221228,5,2,41.97,32,83.94,66.31,13.26
2675,1,64,20230802,3,1,1132.64,720,1132.64,894.79,178.96
2676,10,169,20230116,5,4,37.44,32,149.75,118.3,23.66
2677,11,134,20221206,3,5,10.95,8,54.76,43.26,8.65
2678,4,170,20211028,1,2,24.6,22,49.21,38.88,7.78
2679,10,56,20210723,2,5,44.03,32,220.17,173.93,34.79
2680,12,72,20230428,2,5,6.56,5,32.78,25.9,5.18
2681,9,67,20230301,4,2,33.8,26,67.6,53.4,10.68
2682,9,174,20210430,4,2,35.57,26,71.13,56.19,11.24
2683,9,163,20210413,6,2,37.89,26,75.78,59.87,11.97
2684,17,155,20230321,2,4,83.09,55,332.37,262.57,52.51
2685,14,98,20220330,1,5,11.01,9,55.07,43.51,8.7
2686,4,137,20220124,1,5,28.67,22,143.37,113.26,22.65
2687,3,93,20220419,3,3,774.29,660,2322.87,1835.07,367.01
2688,9,3,20211122,1,4,41.33,26,165.33,130.61,26.12
2689,13,27,20211116,1,2,8.18,6,16.36,12.92,2.58
2690,19,126,20220316,1,5,15.29,12,76.47,60.41,12.08
2691,10,142,20230331,3,5,36.79,32,183.93,145.3,29.06
2692,6,82,20210311,4,2,12.73,10,25.45,20.11,4.02
2693,18,142,20231130,5,4,21.41,16,85.66,67.67,13.53
2694,9,3,20210702,6,5,37.87,26,189.36,149.59,29.92
2695,5,37,20230802,4,5,5.87,4,29.35,23.19,4.64
2696,12,182,20210318,2,5,6.55,5,32.73,25.86,5.17
2697,6,113,20221019,3,4,13.51,10,54.04,42.69,8.54
2698,14,134,20220201,6,2,11.27,9,22.55,17.81,3.56
2699,10,105,20210506,3,1,45.35,32,45.35,35.83,7.17
2700,8,24,20210421,2,5,29.35,26,146.73,115.92,23.18
2701,10,142,20231204,4,1,50.59,32,50.59,39.97,7.99
2702,17,188,20220901,2,4,74.19,55,296.76,234.44,46.89
2703,18,179,20230911,1,4,17.71,16,70.84,55.96,11.19
2704,1,183,20210930,4,5,1061.88,720,5309.4,4194.43,838.89
2705,17,176,20211217,5,1,77.2,55,77.2,60.99,12.2
2706,17,58,20210831,2,1,70.59,55,70.59,55.77,11.15
2707,17,91,20210712,1,4,74.13,55,296.51,234.24,46.85
2708,12,29,20210902,3,2,7.58,5,15.16,11.98,2.4
2709,10,77,20210618,4,3,39.44,32,118.31,93.46,18.69
2710,19,101,20210105,2,3,18.77,12,56.32,44.49,8.9
2711,17,10,20230712,4,5,83.83,55,419.15,331.13,66.23
2712,12,2,20210324,5,4,6.32,5,25.29,19.98,4.0
2713,4,2,20220524,3,2,28.62,22,57.25,45.23,9.05
2714,4,111,20210114,4,2,25.13,22,50.26,39.71,7.94
2715,5,106,20230109,1,4,4.41,4,17.66,13.95,2.79
2716,9,58,20230801,4,4,33.47,26,133.86,105.75,21.15
2717,14,47,20220608,5,3,10.39,9,31.17,24.62,4.92
2718,15,42,20220922,2,3,66.31,45,198.93,157.15,31.43
2719,12,182,20210108,2,1,5.97,5,5.97,4.72,0.94
2720,5,102,20210301,4,3,6.2,4,18.61,14.7,2.94
2721,7,123,20210819,6,3,16.23,14,48.69,38.47,7.69
2722,18,127,20221202,6,2,20.2,16,40.4,31.92,6.38
2723,17,186,20220728,6,4,64.11,55,256.46,202.6,40.52
2724,1,33,20210604,2,3,972.0,720,2916.0,2303.64,460.73
2725,8,14,20230908,6,3,34.19,26,102.56,81.02,16.2
2726,1,112,20230508,4,3,893.6,720,2680.8,2117.83,423.57
2727,14,64,20210429,5,2,13.18,9,26.36,20.82,4.16
2728,8,72,20210927,1,3,41.53,26,124.58,98.42,19.68
2729,14,51,20211222,4,1,13.06,9,13.06,10.32,2.06
2730,20,47,20221222,2,5,25.46,18,127.3,100.57,20.11
2731,8,31,20210803,2,4,29.1,26,116.4,91.96,18.39
2732,5,110,20211004,1,5,4.8,4,24.0,18.96,3.79
2733,13,105,20210316,5,3,8.7,6,26.1,20.62,4.12
2734,8,87,20211129,4,4,29.4,26,117.59,92.9,18.58
2735,2,78,20220906,1,3,1153.61,900,3460.83,2734.06,546.81
2736,14,64,20220519,3,1,10.72,9,10.72,8.47,1.69
2737,2,170,20210101,6,3,1085.39,900,3256.17,2572.37,514.47
2738,9,156,20221109,1,4,31.0,26,124.01,97.97,19.59
2739,12,86,20221207,3,1,5.74,5,5.74,4.53,0.91
2740,18,198,20210120,2,3,20.48,16,61.45,48.55,9.71
2741,19,136,20220603,5,3,14.63,12,43.89,34.67,6.93
2742,7,150,20220201,4,1,21.61,14,21.61,17.07,3.41
2743,20,31,20210707,1,5,28.51,18,142.57,112.63,22.53
2744,7,50,20230728,6,4,21.88,14,87.51,69.13,13.83
2745,18,159,20210419,3,3,23.4,16,70.21,55.47,11.09
2746,7,137,20231228,6,2,15.71,14,31.41,24.81,4.96
2747,14,141,20211004,6,3,13.91,9,41.74,32.97,6.59
2748,18,89,20231226,3,4,22.64,16,90.56,71.54,14.31
2749,14,18,20210618,4,4,12.26,9,49.03,38.73,7.75
2750,1,43,20221223,5,3,1042.81,720,3128.44,2471.47,494.29
2751,10,12,20210706,5,1,47.91,32,47.91,37.85,7.57
2752,7,190,20230922,4,4,20.19,14,80.77,63.81,12.76
2753,3,43,20230106,4,5,852.77,660,4263.85,3368.44,673.69
2754,13,156,20220714,3,2,7.15,6,14.3,11.3,2.26
2755,19,56,20210818,5,1,18.47,12,18.47,14.59,2.92
2756,15,129,20230106,6,5,55.32,45,276.62,218.53,43.71
2757,10,182,20211112,3,5,37.11,32,185.53,146.57,29.31
2758,2,137,20211118,2,3,1007.59,900,3022.77,2387.99,477.6
2759,9,35,20210802,3,1,36.95,26,36.95,29.19,5.84
2760,7,137,20211223,1,1,19.94,14,19.94,15.75,3.15
2761,20,95,20230627,3,1,28.32,18,28.32,22.37,4.47
2762,9,185,20230228,2,4,40.28,26,161.11,127.28,25.46
2763,11,15,20220228,6,1,12.1,8,12.1,9.56,1.91
2764,9,46,20211111,3,1,35.59,26,35.59,28.12,5.62
2765,4,185,20230418,6,4,34.6,22,138.41,109.34,21.87
2766,20,142,20220105,2,4,21.79,18,87.14,68.84,13.77
2767,7,149,20220121,6,4,16.49,14,65.96,52.11,10.42
2768,14,95,20211130,2,4,10.32,9,41.29,32.62,6.52
2769,15,48,20210917,2,2,62.32,45,124.63,98.46,19.69
2770,6,166,20231113,3,1,12.55,10,12.55,9.91,1.98
2771,13,176,20210913,5,2,6.81,6,13.62,10.76,2.15
2772,14,63,20210414,4,4,10.35,9,41.4,32.71,6.54
2773,5,187,20230126,1,5,4.6,4,23.0,18.17,3.63
2774,1,29,20220706,1,1,839.58,720,839.58,663.27,132.65
2775,9,37,20210430,6,5,28.78,26,143.88,113.67,22.73
2776,4,139,20210114,6,3,33.58,22,100.74,79.58,15.92
2777,7,36,20210504,4,5,21.65,14,108.23,85.5,17.1
2778,10,85,20210824,4,2,39.1,32,78.2,61.78,12.36
2779,9,161,20230220,5,1,28.88,26,28.88,22.82,4.56
2780,4,140,20210305,3,1,29.83,22,29.83,23.57,4.71
2781,5,1,20220819,2,1,4.85,4,4.85,3.83,0.77
2782,5,91,20220707,6,3,4.85,4,14.56,11.5,2.3
2783,13,176,20230908,6,1,8.08,6,8.08,6.38,1.28
2784,8,27,20210608,3,3,29.59,26,88.78,70.14,14.03
2785,4,93,20220425,1,1,30.85,22,30.85,24.37,4.87
2786,14,136,20210914,3,5,10.72,9,53.58,42.33,8.47
2787,5,171,20220902,6,3,5.65,4,16.95,13.39,2.68
2788,12,27,20220216,3,4,7.15,5,28.62,22.61,4.52
2789,3,1,20220117,2,2,831.68,660,1663.37,1314.06,262.81
2790,15,185,20220714,4,1,52.05,45,52.05,41.12,8.22
2791,9,38,20220906,1,3,41.53,26,124.6,98.43,19.69
2792,13,91,20210920,3,4,7.87,6,31.49,24.88,4.98
2793,14,155,20230922,6,3,10.52,9,31.57,24.94,4.99
2794,8,99,20230727,4,5,35.06,26,175.31,138.49,27.7
2795,16,137,20230206,5,2,9.05,7,18.09,14.29,2.86
2796,14,135,20230413,5,2,13.06,9,26.13,20.64,4.13
2797,12,1,20211203,2,1,6.41,5,6.41,5.06,1.01
2798,5,29,20221111,1,3,5.12,4,15.37,12.14,2.43
2799,10,118,20210720,2,5,50.75,32,253.75,200.46,40.09
2800,8,54,20220829,2,1,38.31,26,38.31,30.26,6.05
2801,5,97,20210618,6,1,5.79,4,5.79,4.57,0.91
2802,12,14,20220901,6,1,7.16,5,7.16,5.66,1.13
2803,16,153,20210416,2,1,8.21,7,8.21,6.49,1.3
2804,3,63,20210722,1,1,913.83,660,913.83,721.93,144.39
2805,5,196,20220822,2,4,5.89,4,23.55,18.6,3.72
2806,17,179,20231211,3,4,71.82,55,287.27,226.94,45.39
2807,15,166,20220429,6,1,55.95,45,55.95,44.2,8.84
2808,2,165,20210812,1,5,1328.01,900,6640.05,5245.64,1049.13
2809,6,3,20221223,4,4,14.4,10,57.6,45.5,9.1
2810,18,183,20221014,3,5,21.61,16,108.07,85.38,17.08
2811,8,109,20231016,2,3,41.25,26,123.75,97.76,19.55
2812,13,33,20230119,6,2,7.8,6,15.6,12.32,2.46
2813,8,101,20210323,2,5,36.47,26,182.33,144.04,28.81
2814,15,123,20210422,3,4,68.11,45,272.45,215.24,43.05
2815,2,96,20210825,6,4,1077.63,900,4310.52,3405.31,681.06
2816,4,20,20210607,3,5,32.77,22,163.83,129.43,25.89
2817,1,62,20220427,3,2,986.96,720,1973.93,1559.4,311.88
2818,7,153,20210405,1,3,16.71,14,50.14,39.61,7.92
2819,2,62,20211018,3,1,1429.5,900,1429.5,1129.31,225.86
2820,2,145,20230322,4,1,1011.62,900,1011.62,799.18,159.84
2821,10,3,20210514,3,3,50.54,32,151.62,119.78,23.96
2822,7,81,20221220,4,3,22.22,14,66.65,52.65,10.53
2823,4,85,20231005,4,5,25.31,22,126.56,99.98,20.0
2824,1,151,20210804,4,4,1003.09,720,4012.36,3169.76,633.95
2825,10,42,20210224,2,4,36.46,32,145.84,115.21,23.04
2826,3,184,20230616,2,2,992.47,660,1984.93,1568.09,313.62
2827,5,197,20230727,6,2,6.39,4,12.77,10.09,2.02
2828,17,187,20221221,5,5,86.08,55,430.41,340.02,68.0
2829,15,34,20220505,3,3,57.61,45,172.82,136.53,27.31
2830,2,183,20220912,6,4,1097.6,900,4390.4,3468.42,693.68
2831,20,20,20230526,2,5,25.45,18,127.25,100.53,20.11
2832,4,4,20221215,2,3,30.22,22,90.66,71.62,14.32
2833,16,25,20210506,4,3,8.29,7,24.88,19.66,3.93
2834,6,18,20220301,3,5,12.82,10,64.08,50.62,10.12
2835,3,46,20210510,6,4,811.12,660,3244.49,2563.15,512.63
2836,9,196,20221110,4,2,40.82,26,81.64,64.5,12.9
2837,16,11,20230328,3,3,9.1,7,27.31,21.57,4.31
2838,5,113,20230608,3,5,6.09,4,30.45,24.06,4.81
2839,12,22,20220328,6,4,6.76,5,27.06,21.38,4.28
2840,2,159,20220113,6,1,1323.47,900,1323.47,1045.54,209.11
2841,18,3,20211217,2,1,19.93,16,19.93,15.74,3.15
2842,19,103,20210817,1,2,15.53,12,31.06,24.54,4.91
2843,3,90,20221026,4,4,938.02,660,3752.08,2964.14,592.83
2844,4,22,20221031,2,1,34.29,22,34.29,27.09,5.42
2845,14,52,20220725,4,3,10.19,9,30.57,24.15,4.83
2846,20,125,20220506,2,4,20.83,18,83.32,65.82,13.16
2847,2,140,20221014,2,4,1055.48,900,4221.92,3335.32,667.06
2848,11,146,20211103,1,5,11.9,8,59.48,46.99,9.4
2849,12,111,20210331,4,2,5.64,5,11.27,8.9,1.78
2850,14,70,20210203,3,2,10.28,9,20.55,16.23,3.25
2851,9,104,20210409,1,3,39.96,26,119.88,94.71,18.94
2852,14,135,20221011,2,3,10.73,9,32.19,25.43,5.09
2853,3,110,20210319,3,3,780.3,660,2340.89,1849.3,369.86
2854,14,124,20220517,4,5,13.0,9,65.0,51.35,10.27
2855,14,91,20210819,6,5,11.65,9,58.26,46.03,9.21
2856,18,153,20210115,2,1,23.38,16,23.38,18.47,3.69
2857,20,38,20230411,3,3,19.93,18,59.78,47.23,9.45
2858,5,128,20221020,3,1,5.98,4,5.98,4.72,0.94
2859,14,68,20230825,5,1,14.35,9,14.35,11.34,2.27
2860,15,164,20210630,5,1,50.32,45,50.32,39.75,7.95
2861,7,108,20231206,6,5,20.82,14,104.1,82.24,16.45
2862,13,56,20230512,3,2,9.46,6,18.91,14.94,2.99
2863,19,4,20230901,3,3,13.3,12,39.89,31.51,6.3
2864,17,32,20220317,6,4,78.35,55,313.38,247.57,49.51
2865,14,106,20221017,3,3,13.63,9,40.88,32.3,6.46
2866,17,196,20220905,3,1,85.97,55,85.97,67.92,13.58
2867,14,96,20221020,2,5,12.58,9,62.89,49.68,9.94
2868,14,98,20230217,3,4,12.75,9,51.01,40.3,8.06
2869,20,26,20231004,1,1,20.61,18,20.61,16.28,3.26
2870,20,106,20210125,1,4,26.55,18,106.2,83.9,16.78
2871,18,26,20230614,6,4,21.63,16,86.51,68.34,13.67
2872,10,108,20210217,2,2,47.63,32,95.26,75.26,15.05
2873,13,30,20230302,2,4,9.45,6,37.81,29.87,5.97
2874,15,106,20220519,6,4,49.67,45,198.68,156.96,31.39
2875,8,130,20220622,3,3,40.03,26,120.1,94.88,18.98
2876,10,107,20220114,6,2,35.27,32,70.53,55.72,11.14
2877,2,4,20220818,1,2,1345.73,900,2691.46,2126.25,425.25
2878,20,82,20230116,3,2,28.43,18,56.86,44.92,8.98
2879,8,143,20220909,4,2,36.61,26,73.22,57.84,11.57
2880,2,148,20220719,4,2,1412.73,900,2825.45,2232.11,446.42
2881,6,104,20220714,3,5,11.79,10,58.96,46.58,9.32
2882,4,182,20211129,2,5,25.5,22,127.51,100.73,20.15
2883,13,196,20230407,6,3,9.11,6,27.34,21.6,4.32
2884,11,53,20210817,1,1,8.9,8,8.9,7.03,1.41
2885,19,40,20210118,1,5,17.45,12,87.23,68.91,13.78
2886,19,98,20210423,1,2,19.1,12,38.2,30.18,6.04
2887,12,48,20230629,2,2,6.24,5,12.48,9.86,1.97
2888,8,186,20230208,4,3,37.17,26,111.51,88.09,17.62
2889,3,37,20220131,6,1,936.67,660,936.67,739.97,147.99
2890,4,29,20230412,4,5,25.55,22,127.75,100.92,20.18
2891,10,68,20210723,2,1,36.44,32,36.44,28.79,5.76
2892,7,101,20220603,1,4,20.97,14,83.87,66.26,13.25
2893,3,125,20220817,6,1,795.4,660,795.4,628.37,125.67
2894,13,81,20220825,6,4,9.03,6,36.1,28.52,5.7
2895,10,3,20210916,2,5,45.3,32,226.5,178.94,35.79
2896,4,88,20210216,3,4,35.14,22,140.58,111.06,22.21
2897,18,2,20230511,2,5,23.53,16,117.67,92.96,18.59
2898,7,156,20210624,1,5,15.56,14,77.81,61.47,12.29
2899,5,56,20230105,3,1,6.2,4,6.2,4.9,0.98
2900,11,36,20210212,2,1,11.71,8,11.71,9.25,1.85
2901,9,71,20210701,4,2,40.99,26,81.98,64.76,12.95
2902,18,167,20220516,3,4,23.56,16,94.25,74.46,14.89
2903,14,132,20221213,4,2,11.03,9,22.05,17.42,3.48
2904,9,101,20211012,1,5,38.91,26,194.55,153.69,30.74
2905,10,43,20230424,2,4,42.14,32,168.54,133.15,26.63
2906,14,153,20221003,6,3,13.57,9,40.71,32.16,6.43
2907,4,156,20230613,4,4,26.4,22,105.59,83.42,16.68
2908,12,162,20220523,1,4,5.92,5,23.67,18.7,3.74
2909,17,65,20210218,5,4,68.57,55,274.28,216.68,43.34
2910,17,91,20230714,4,1,63.65,55,63.65,50.28,10.06
2911,14,48,20220408,3,2,10.23,9,20.45,16.16,3.23
2912,12,96,20230801,2,3,5.81,5,17.42,13.76,2.75
2913,1,184,20220404,3,2,959.54,720,1919.07,1516.07,303.21
2914,8,144,20220407,1,4,32.29,26,129.15,102.03,20.41
2915,17,56,20211102,1,5,68.15,55,340.73,269.18,53.84
2916,3,147,20230523,6,4,951.1,660,3804.41,3005.48,601.1
2917,11,82,20220916,2,2,9.0,8,18.0,14.22,2.84
2918,16,12,20221209,3,4,8.12,7,32.47,25.65,5.13
2919,6,154,20221012,3,5,12.91,10,64.57,51.01,10.2
2920,1,73,20230407,1,5,1147.66,720,5738.32,4533.27,906.65
2921,10,34,20221025,4,1,49.53,32,49.53,39.13,7.83
2922,2,87,20230127,6,1,1021.25,900,1021.25,806.79,161.36
2923,14,186,20210518,3,3,11.33,9,33.98,26.84,5.37
2924,13,21,20220512,5,3,8.08,6,24.24,19.15,3.83
2925,13,77,20210310,6,4,8.08,6,32.32,25.53,5.11
2926,4,96,20230710,5,1,24.52,22,24.52,19.37,3.87
2927,1,36,20210310,1,3,1102.1,720,3306.3,2611.98,522.4
2928,14,58,20231106,2,1,10.76,9,10.76,8.5,1.7
2929,18,2,20220614,6,1,19.68,16,19.68,15.55,3.11
2930,4,13,20210304,3,1,27.1,22,27.1,21.41,4.28
2931,20,98,20230914,3,2,28.12,18,56.25,44.44,8.89
2932,15,31,20230418,2,3,68.89,45,206.68,163.28,32.66
2933,19,106,20231218,6,4,17.21,12,68.84,54.38,10.88
2934,17,62,20230119,5,4,78.68,55,314.74,248.64,49.73
2935,11,198,20220208,6,4,9.7,8,38.81,30.66,6.13
2936,10,183,20220114,1,3,44.14,32,132.41,104.6,20.92
2937,7,178,20211215,1,1,22.2,14,22.2,17.54,3.51
2938,7,4,20210329,6,2,18.68,14,37.35,29.51,5.9
2939,7,125,20220707,1,3,16.86,14,50.58,39.96,7.99
2940,17,132,20230427,3,3,79.98,55,239.95,189.56,37.91
2941,5,130,20230731,1,2,4.84,4,9.68,7.65,1.53
2942,13,116,20220607,5,5,7.21,6,36.05,28.48,5.7
2943,7,18,20220728,3,4,16.55,14,66.2,52.3,10.46
2944,19,166,20220317,1,2,15.97,12,31.93,25.22,5.04
2945,4,62,20210603,1,4,26.26,22,105.03,82.97,16.59
2946,16,170,20210211,5,4,8.93,7,35.73,28.23,5.65
2947,18,22,20210621,3,4,19.3,16,77.19,60.98,12.2
2948,17,111,20220725,5,3,61.96,55,185.89,146.85,29.37
2949,12,26,20220127,1,4,7.33,5,29.32,23.16,4.63
2950,7,76,20220830,2,4,16.64,14,66.55,52.57,10.51
2951,17,156,20220201,4,5,72.42,55,362.12,286.07,57.21
2952,2,166,20230905,2,1,1088.81,900,1088.81,860.16,172.03
2953,2,148,20210318,3,2,1019.63,900,2039.26,1611.02,322.2
2954,9,58,20210526,5,4,33.69,26,134.78,106.48,21.3
2955,8,188,20210526,6,3,35.04,26,105.11,83.04,16.61
2956,7,89,20210903,6,3,20.34,14,61.02,48.21,9.64
2957,1,25,20220217,2,5,1118.8,720,5594.01,4419.27,883.85
2958,16,190,20230613,3,2,8.3,7,16.59,13.11,2.62
2959,3,43,20230905,2,3,1022.96,660,3068.87,2424.41,484.88
2960,1,171,20210723,4,4,912.26,720,3649.04,2882.74,576.55
2961,9,20,20210913,2,1,36.32,26,36.32,28.69,5.74
2962,19,1,20221111,4,2,16.04,12,32.07,25.34,5.07
2963,1,146,20210308,6,3,1092.73,720,3278.19,2589.77,517.95
2964,17,43,20230124,2,1,63.25,55,63.25,49.97,9.99
2965,11,116,20231122,4,3,12.76,8,38.28,30.24,6.05
2966,16,65,20220105,3,4,7.75,7,30.99,24.48,4.9
2967,10,182,20220523,3,5,47.59,32,237.96,187.99,37.6
2968,16,29,20230505,3,5,10.25,7,51.24,40.48,8.1
2969,5,106,20210201,2,2,5.11,4,10.23,8.08,1.62
2970,8,148,20210215,6,4,33.27,26,133.09,105.14,21.03
2971,3,50,20231205,4,1,1044.6,660,1044.6,825.23,165.05
2972,18,116,20230619,5,2,19.72,16,39.44,31.16,6.23
2973,12,85,20230901,4,5,6.54,5,32.72,25.85,5.17
2974,10,49,20220201,1,5,43.52,32,217.61,171.91,34.38
2975,20,32,20220509,4,4,24.9,18,99.6,78.68,15.74
2976,10,29,20220513,1,4,50.04,32,200.14,158.11,31.62
2977,15,175,20210730,2,5,71.25,45,356.25,281.44,56.29
2978,18,171,20230614,2,3,21.49,16,64.48,50.94,10.19
2979,10,4,20210405,4,1,38.68,32,38.68,30.56,6.11
2980,4,14,20230502,4,3,24.26,22,72.77,57.49,11.5
2981,1,13,20220520,3,2,918.08,720,1836.16,1450.57,290.11
2982,17,171,20220211,5,2,86.73,55,173.45,137.03,27.41
2983,9,37,20231020,6,2,34.22,26,68.43,54.06,10.81
2984,10,57,20210427,1,4,50.13,32,200.51,158.4,31.68
2985,13,109,20211223,4,1,9.28,6,9.28,7.33,1.47
2986,20,80,20220310,2,5,23.72,18,118.61,93.7,18.74
2987,19,36,20220408,6,2,14.7,12,29.4,23.23,4.65
2988,18,52,20220822,3,3,18.28,16,54.85,43.33,8.67
2989,15,140,20230324,2,4,67.1,45,268.42,212.05,42.41
2990,4,36,20220920,5,4,31.84,22,127.34,100.6,20.12
2991,12,120,20221223,3,4,6.67,5,26.67,21.07,4.21
2992,15,8,20220812,5,1,71.04,45,71.04,56.12,11.22
2993,3,194,20220829,2,5,1025.26,660,5126.3,4049.78,809.96
2994,19,132,20211215,3,2,16.93,12,33.85,26.74,5.35
2995,10,14,20230323,4,2,41.65,32,83.29,65.8,13.16
2996,15,196,20210111,5,4,68.38,45,273.53,216.09,43.22
2997,2,70,20210503,6,1,1140.07,900,1140.07,900.66,180.13
2998,10,145,20210520,4,3,49.03,32,147.09,116.2,23.24
2999,19,173,20210624,5,1,17.41,12,17.41,13.75,2.75
3000,5,144,20230111,6,4,4.67,4,18.69,14.77,2.95
3001,5,78,20230828,6,3,5.84,4,17.51,13.83,2.77
3002,16,160,20210111,6,2,8.1,7,16.2,12.8,2.56
3003,5,155,20210101,1,5,4.59,4,22.97,18.15,3.63
3004,4,122,20211021,1,5,29.08,22,145.41,114.87,22.97
3005,4,77,20210322,4,4,35.01,22,140.04,110.63,22.13
3006,18,67,20211203,5,4,24.47,16,97.9,77.34,15.47
3007,4,111,20230605,2,1,26.23,22,26.23,20.72,4.14
3008,8,44,20231205,5,5,31.2,26,156.02,123.26,24.65
3009,10,75,20221121,6,1,50.55,32,50.55,39.93,7.99
3010,12,171,20221208,3,4,6.46,5,25.86,20.43,4.09
3011,15,107,20210603,4,2,50.13,45,100.26,79.21,15.84
3012,4,145,20221019,4,1,30.59,22,30.59,24.17,4.83
3013,20,114,20210218,1,3,28.47,18,85.4,67.47,13.49
3014,15,71,20221103,1,2,57.55,45,115.1,90.93,18.19
3015,7,90,20221223,6,5,18.13,14,90.67,71.63,14.33
3016,6,168,20210401,2,3,14.28,10,42.84,33.84,6.77
3017,11,118,20230320,6,2,9.91,8,19.83,15.67,3.13
3018,10,101,20231229,1,4,41.22,32,164.9,130.27,26.05
3019,20,169,20221109,2,5,26.18,18,130.88,103.4,20.68
3020,17,67,20221229,2,3,76.69,55,230.08,181.76,36.35
3021,12,150,20230413,5,4,5.67,5,22.68,17.92,3.58
3022,6,60,20210212,1,1,13.5,10,13.5,10.67,2.13
3023,16,83,20230901,2,2,8.07,7,16.14,12.75,2.55
3024,13,194,20210908,4,1,6.79,6,6.79,5.36,1.07
3025,4,10,20211227,6,1,29.06,22,29.06,22.96,4.59
3026,20,162,20220622,1,2,22.69,18,45.38,35.85,7.17
3027,15,97,20230929,2,5,62.02,45,310.1,244.98,49.0
3028,9,126,20211008,4,3,31.53,26,94.59,74.73,14.95
3029,6,112,20231130,5,2,11.43,10,22.86,18.06,3.61
3030,4,53,20210204,1,2,34.03,22,68.05,53.76,10.75
3031,14,146,20220601,5,1,11.43,9,11.43,9.03,1.81
3032,17,128,20230906,2,2,76.19,55,152.37,120.37,24.07
3033,17,91,20221111,3,5,85.24,55,426.22,336.71,67.34
3034,3,113,20210719,4,4,1014.41,660,4057.65,3205.54,641.11
3035,3,33,20230328,5,3,759.3,660,2277.9,1799.54,359.91
3036,8,14,20221216,5,5,32.9,26,164.51,129.96,25.99
3037,10,65,20211118,4,3,36.29,32,108.86,86.0,17.2
3038,10,20,20210816,5,5,39.06,32,195.31,154.29,30.86
3039,20,129,20230113,3,4,25.37,18,101.47,80.16,16.03
3040,4,150,20230223,4,3,31.39,22,94.16,74.39,14.88
3041,11,108,20210217,3,2,10.14,8,20.28,16.02,3.2
3042,5,53,20210326,5,3,6.25,4,18.75,14.81,2.96
3043,2,61,20230810,4,1,1352.55,900,1352.55,1068.51,213.7
3044,20,180,20230321,1,3,28.63,18,85.89,67.85,13.57
3045,20,190,20220822,5,1,27.79,18,27.79,21.95,4.39
3046,5,70,20221118,6,1,4.61,4,4.61,3.64,0.73
3047,17,58,20221214,6,3,72.37,55,217.1,171.51,34.3
3048,8,6,20220311,1,1,38.66,26,38.66,30.54,6.11
3049,18,156,20211008,4,1,22.02,16,22.02,17.4,3.48
3050,13,197,20210317,4,2,7.89,6,15.78,12.47,2.49
3051,18,36,20220906,1,4,18.54,16,74.18,58.6,11.72
3052,12,91,20230602,2,3,6.59,5,19.77,15.62,3.12
3053,8,60,20210325,1,5,28.73,26,143.65,113.48,22.7
3054,18,146,20220816,1,1,24.59,16,24.59,19.43,3.89
3055,2,20,20211224,1,2,1187.35,900,2374.7,1876.01,375.2
3056,2,81,20220210,3,5,1284.84,900,6424.22,5075.13,1015.03
3057,10,34,20211217,5,4,42.86,32,171.44,135.44,27.09
3058,3,20,20210625,3,5,793.93,660,3969.67,3136.04,627.21
3059,12,57,20231010,4,3,7.85,5,23.56,18.61,3.72
3060,10,168,20230302,2,5,49.49,32,247.44,195.48,39.1
3061,18,129,20220404,1,1,20.37,16,20.37,16.09,3.22
3062,20,125,20220812,3,1,21.63,18,21.63,17.09,3.42
3063,17,60,20210716,3,5,66.3,55,331.48,261.87,52.37
3064,5,10,20220620,2,4,5.7,4,22.8,18.01,3.6
3065,4,6,20221013,4,1,27.17,22,27.17,21.46,4.29
3066,13,77,20230425,1,1,7.44,6,7.44,5.88,1.18
3067,13,127,20230525,1,4,7.75,6,31.02,24.51,4.9
3068,8,53,20210305,4,2,37.18,26,74.36,58.74,11.75
3069,2,170,20230203,3,1,1233.7,900,1233.7,974.62,194.92
3070,1,156,20220516,3,3,1083.69,720,3251.06,2568.34,513.67
3071,7,194,20230428,1,3,20.48,14,61.44,48.54,9.71
3072,14,110,20230612,6,1,13.53,9,13.53,10.69,2.14
3073,13,185,20230306,6,3,9.18,6,27.53,21.75,4.35
3074,15,109,20230207,5,5,66.8,45,334.01,263.87,52.77
3075,6,98,20220110,4,2,11.66,10,23.32,18.42,3.68
3076,9,175,20210122,3,1,41.58,26,41.58,32.85,6.57
3077,10,87,20230217,5,4,35.82,32,143.27,113.18,22.64
3078,12,69,20220128,6,3,7.46,5,22.37,17.67,3.53
3079,1,32,20230523,3,5,1029.88,720,5149.4,4068.03,813.61
3080,6,114,20220114,4,1,13.2,10,13.2,10.43,2.09
3081,2,92,20221101,4,5,1088.03,900,5440.15,4297.72,859.54
3082,19,21,20210325,3,5,16.51,12,82.54,65.21,13.04
3083,15,47,20210402,3,3,55.34,45,166.02,131.16,26.23
3084,5,59,20221212,6,2,4.69,4,9.39,7.42,1.48
3085,2,60,20230606,1,1,1072.91,900,1072.91,847.6,169.52
3086,15,149,20221228,3,1,61.95,45,61.95,48.94,9.79
3087,2,183,20211124,3,3,997.25,900,2991.76,2363.49,472.7
3088,18,184,20220523,1,5,19.48,16,97.39,76.94,15.39
3089,3,130,20210607,4,1,894.64,660,894.64,706.77,141.35
3090,7,84,20211207,5,3,21.2,14,63.61,50.25,10.05
3091,14,19,20230905,6,4,13.84,9,55.37,43.74,8.75
3092,1,84,20210726,5,3,912.59,720,2737.78,2162.85,432.57
3093,12,121,20220809,3,5,5.58,5,27.89,22.03,4.41
3094,2,75,20220614,2,5,1001.49,900,5007.45,3955.89,791.18
3095,7,81,20230524,5,5,20.88,14,104.42,82.49,16.5
3096,12,56,20231019,4,5,5.58,5,27.91,22.05,4.41
3097,5,98,20231108,6,1,6.31,4,6.31,4.98,1.0
3098,19,129,20211118,5,5,17.6,12,88.02,69.54,13.91
3099,4,136,20230213,1,5,29.4,22,146.98,116.11,23.22
3100,17,113,20230124,3,3,65.86,55,197.59,156.1,31.22
3101,10,63,20230406,3,2,47.98,32,95.97,75.82,15.16
3102,8,117,20220603,3,1,37.61,26,37.61,29.71,5.94
3103,14,93,20220930,1,3,12.42,9,37.27,29.44,5.89
3104,12,168,20210421,4,5,6.08,5,30.38,24.0,4.8
3105,8,146,20220824,2,5,31.78,26,158.92,125.55,25.11
3106,19,171,20220809,2,5,14.76,12,73.81,58.31,11.66
3107,11,81,20220216,1,1,10.43,8,10.43,8.24,1.65
3108,5,148,20221227,4,2,6.2,4,12.4,9.8,1.96
3109,1,43,20221013,1,4,886.82,720,3547.26,2802.34,560.47
3110,16,191,20230307,1,2,10.74,7,21.49,16.98,3.4
3111,1,177,20220912,2,1,839.66,720,839.66,663.33,132.67
3112,13,109,20230131,3,2,7.81,6,15.61,12.33,2.47
3113,8,183,20230310,3,1,32.98,26,32.98,26.05,5.21
3114,19,156,20220428,5,1,19.16,12,19.16,15.14,3.03
3115,3,190,20210308,3,4,1026.52,660,4106.09,3243.81,648.76
3116,15,190,20230623,4,3,66.55,45,199.64,157.72,31.54
3117,5,188,20231002,2,5,6.23,4,31.16,24.62,4.92
3118,3,39,20230102,1,5,921.71,660,4608.53,3640.74,728.15
3119,15,98,20230825,3,4,53.48,45,213.91,168.99,33.8
3120,19,72,20231102,1,2,14.98,12,29.97,23.68,4.74
3121,2,145,20220505,5,5,1250.92,900,6254.61,4941.14,988.23
3122,10,83,20220905,4,3,47.32,32,141.95,112.14,22.43
3123,2,189,20210726,6,2,1183.74,900,2367.48,1870.31,374.06
3124,19,158,20220203,3,1,15.28,12,15.28,12.07,2.41
3125,4,74,20210826,3,4,29.03,22,116.11,91.73,18.35
3126,10,67,20210901,5,1,49.99,32,49.99,39.49,7.9
3127,9,37,20230815,1,2,35.78,26,71.56,56.53,11.31
3128,6,8,20221230,5,1,15.8,10,15.8,12.48,2.5
3129,18,50,20230214,1,4,24.26,16,97.04,76.66,15.33
3130,12,53,20210208,3,5,6.57,5,32.83,25.94,5.19
3131,17,33,20220930,4,3,85.74,55,257.23,203.21,40.64
3132,4,114,20231025,4,4,27.09,22,108.37,85.61,17.12
3133,9,188,20210716,6,1,41.19,26,41.19,32.54,6.51
3134,8,187,20210423,1,3,30.64,26,91.91,72.61,14.52
3135,9,117,20220427,6,5,37.34,26,186.69,147.49,29.5
3136,11,10,20210416,4,1,12.53,8,12.53,9.9,1.98
3137,11,49,20230118,5,1,12.6,8,12.6,9.95,1.99
3138,1,63,20230620,2,5,927.44,720,4637.18,3663.37,732.67
3139,7,68,20211112,4,2,18.79,14,37.58,29.69,5.94
3140,16,73,20210927,2,2,9.92,7,19.84,15.67,3.13
3141,17,186,20210507,6,2,60.59,55,121.18,95.73,19.15
3142,16,143,20210407,5,2,10.18,7,20.37,16.09,3.22
3143,14,177,20210225,3,5,11.61,9,58.06,45.87,9.17
3144,8,164,20230418,3,4,35.5,26,141.98,112.16,22.43
3145,10,60,20210916,3,4,43.04,32,172.17,136.01,27.2
3146,13,154,20230623,3,5,8.04,6,40.21,31.77,6.35
3147,8,29,20210519,3,4,41.2,26,164.81,130.2,26.04
3148,8,170,20220413,4,1,30.89,26,30.89,24.4,4.88
3149,4,89,20220404,6,4,31.95,22,127.81,100.97,20.19
3150,16,154,20221125,4,2,7.8,7,15.6,12.32,2.46
3151,17,56,20220120,4,1,75.96,55,75.96,60.01,12.0
3152,9,173,20220408,3,4,33.69,26,134.75,106.45,21.29
3153,14,103,20220927,3,1,11.11,9,11.11,8.78,1.76
3154,8,87,20231110,6,1,32.61,26,32.61,25.76,5.15
3155,8,147,20220811,2,5,31.28,26,156.4,123.56,24.71
3156,4,158,20230616,5,3,25.62,22,76.86,60.72,12.14
3157,1,185,20230214,1,4,824.49,720,3297.96,2605.39,521.08
3158,11,91,20231009,5,1,11.42,8,11.42,9.02,1.8
3159,7,93,20230116,5,2,22.3,14,44.59,35.23,7.05
3160,13,184,20230208,2,3,9.0,6,27.01,21.34,4.27
3161,11,106,20220621,2,5,11.73,8,58.67,46.35,9.27
3162,2,6,20210120,5,1,1215.67,900,1215.67,960.38,192.08
3163,2,41,20221128,3,3,1000.91,900,3002.73,2372.16,474.43
3164,8,9,20230626,3,1,39.17,26,39.17,30.94,6.19
3165,13,34,20220627,6,3,9.19,6,27.56,21.77,4.35
3166,3,130,20210421,6,4,732.65,660,2930.6,2315.17,463.03
3167,18,155,20231201,2,1,23.49,16,23.49,18.56,3.71
3168,7,156,20220715,3,3,18.38,14,55.13,43.55,8.71
3169,1,78,20231204,3,4,864.96,720,3459.84,2733.27,546.65
3170,19,121,20220114,4,3,15.78,12,47.33,37.39,7.48
3171,14,144,20211116,3,4,11.18,9,44.72,35.33,7.07
3172,18,130,20231005,2,4,17.74,16,70.95,56.05,11.21
3173,13,96,20221214,5,1,7.96,6,7.96,6.29,1.26
3174,1,102,20230410,2,4,925.14,720,3700.54,2923.43,584.69
3175,4,165,20230320,3,3,25.78,22,77.34,61.1,12.22
3176,3,25,20230623,5,2,794.54,660,1589.07,1255.37,251.07
3177,19,64,20221205,1,2,15.62,12,31.24,24.68,4.94
3178,17,186,20221110,5,2,62.12,55,124.24,98.15,19.63
3179,9,106,20221209,3,3,39.45,26,118.34,93.49,18.7
3180,11,177,20210223,5,5,10.43,8,52.13,41.18,8.24
3181,9,177,20210108,2,5,38.93,26,194.66,153.78,30.76
3182,16,81,20230222,6,2,8.83,7,17.65,13.94,2.79
3183,16,132,20231013,5,1,10.92,7,10.92,8.63,1.73
3184,3,97,20220902,2,1,779.49,660,779.49,615.8,123.16
3185,4,43,20231211,2,4,33.77,22,135.07,106.71,21.34
3186,2,109,20210614,4,2,1271.77,900,2543.55,2009.4,401.88
3187,16,36,20230124,6,5,9.16,7,45.82,36.2,7.24
3188,10,31,20210114,4,3,46.72,32,140.16,110.73,22.15
3189,9,134,20230829,3,5,40.16,26,200.82,158.65,31.73
3190,6,37,20230321,3,5,14.43,10,72.13,56.98,11.4
3191,12,133,20230531,5,3,6.68,5,20.04,15.83,3.17
3192,11,192,20211029,6,2,9.46,8,18.91,14.94,2.99
3193,16,3,20231024,3,4,8.33,7,33.31,26.31,5.26
3194,3,2,20221107,3,2,791.76,660,1583.52,1250.98,250.2
3195,18,118,20210517,3,1,18.09,16,18.09,14.29,2.86
3196,20,41,20221103,1,3,25.53,18,76.58,60.5,12.1
3197,12,161,20211122,1,2,6.19,5,12.37,9.77,1.95
3198,19,187,20220905,3,3,16.95,12,50.84,40.16,8.03
3199,9,144,20220802,5,2,29.61,26,59.21,46.78,9.36
3200,4,188,20210809,2,3,26.16,22,78.48,62.0,12.4
3201,4,33,20230321,5,5,31.29,22,156.47,123.61,24.72
3202,11,148,20220705,5,5,9.91,8,49.54,39.14,7.83
3203,20,172,20231123,4,2,21.31,18,42.63,33.68,6.74
3204,7,24,20211130,5,2,16.4,14,32.81,25.92,5.18
3205,1,83,20221114,1,1,841.31,720,841.31,664.63,132.93
3206,14,171,20220923,4,3,11.26,9,33.78,26.69,5.34
3207,4,62,20231227,5,4,28.35,22,113.4,89.59,17.92
3208,16,91,20220707,3,5,8.81,7,44.05,34.8,6.96
3209,20,55,20210423,2,3,26.2,18,78.61,62.1,12.42
3210,18,114,20220920,4,3,23.08,16,69.25,54.71,10.94
3211,14,167,20230313,3,2,10.01,9,20.03,15.82,3.16
3212,15,198,20220609,6,3,65.89,45,197.67,156.16,31.23
3213,20,144,20211103,2,4,23.17,18,92.67,73.21,14.64
3214,1,51,20231208,4,3,981.36,720,2944.08,2325.82,465.16
3215,19,80,20210108,3,1,18.67,12,18.67,14.75,2.95
3216,17,4,20211230,5,3,61.42,55,184.27,145.57,29.11
3217,16,102,20220131,1,3,8.66,7,25.98,20.52,4.1
3218,19,8,20210324,6,4,19.18,12,76.73,60.62,12.12
3219,15,126,20230627,2,4,66.37,45,265.49,209.74,41.95
3220,18,27,20230719,1,3,17.83,16,53.49,42.26,8.45
3221,5,181,20231020,6,2,6.14,4,12.28,9.7,1.94
3222,3,108,20210708,1,1,872.31,660,872.31,689.12,137.82
3223,2,81,20231017,1,5,1114.87,900,5574.33,4403.72,880.74
3224,20,189,20211006,1,3,27.34,18,82.01,64.79,12.96
3225,6,151,20220331,6,3,13.58,10,40.75,32.19,6.44
3226,13,107,20230811,6,1,6.79,6,6.79,5.36,1.07
3227,17,38,20231228,6,3,62.81,55,188.43,148.86,29.77
3228,2,71,20220929,5,2,1299.92,900,2599.85,2053.88,410.78
3229,6,163,20220811,6,1,12.56,10,12.56,9.92,1.98
3230,12,31,20230316,3,4,6.92,5,27.68,21.87,4.37
3231,3,145,20230927,4,1,764.37,660,764.37,603.85,120.77
3232,6,187,20210511,1,2,12.59,10,25.18,19.89,3.98
3233,1,197,20230619,2,1,870.31,720,870.31,687.54,137.51
3234,15,21,20220622,6,2,56.43,45,112.85,89.15,17.83
3235,7,192,20230905,6,2,17.57,14,35.15,27.77,5.55
3236,10,46,20220629,3,2,44.24,32,88.48,69.9,13.98
3237,8,49,20220817,3,2,30.9,26,61.8,48.82,9.76
3238,9,179,20220301,4,3,29.8,26,89.4,70.63,14.13
3239,19,94,20220525,3,5,15.9,12,79.49,62.8,12.56
3240,6,10,20230626,5,4,11.78,10,47.11,37.22,7.44
3241,7,180,20230328,4,3,19.92,14,59.77,47.22,9.44
3242,10,54,20230906,3,5,44.03,32,220.13,173.9,34.78
3243,9,24,20231201,5,2,31.96,26,63.91,50.49,10.1
3244,9,9,20221102,1,5,37.16,26,185.79,146.77,29.35
3245,16,36,20210924,4,5,8.83,7,44.15,34.88,6.98
3246,13,169,20230321,5,1,7.57,6,7.57,5.98,1.2
3247,12,3,20210601,2,4,6.69,5,26.75,21.13,4.23
3248,4,48,20220428,3,3,25.99,22,77.97,61.6,12.32
3249,6,193,20230223,1,4,15.05,10,60.18,47.54,9.51
3250,19,148,20221018,6,4,17.59,12,70.34,55.57,11.11
3251,8,65,20221110,6,3,36.41,26,109.24,86.3,17.26
3252,13,77,20221124,1,2,8.89,6,17.78,14.05,2.81
3253,4,108,20221229,4,3,34.69,22,104.08,82.22,16.44
3254,19,8,20220729,2,5,14.2,12,70.99,56.08,11.22
3255,20,179,20220308,5,2,28.36,18,56.73,44.82,8.96
3256,5,34,20230327,6,3,5.98,4,17.93,14.16,2.83
3257,3,80,20210319,2,3,877.38,660,2632.13,2079.38,415.88
3258,15,1,20210826,6,2,54.01,45,108.02,85.34,17.07
3259,10,79,20210906,1,2,38.98,32,77.96,61.59,12.32
3260,14,24,20211020,6,2,10.59,9,21.19,16.74,3.35
3261,12,2,20230308,4,2,6.36,5,12.72,10.05,2.01
3262,18,176,20221108,4,2,24.9,16,49.81,39.35,7.87
3263,13,119,20230817,6,2,8.89,6,17.78,14.05,2.81
3264,13,33,20210519,3,2,7.8,6,15.6,12.32,2.46
3265,10,173,20220414,6,4,44.75,32,179.0,141.41,28.28
3266,3,89,20230206,4,5,734.88,660,3674.38,2902.76,580.55
3267,6,197,20230524,2,3,12.81,10,38.43,30.36,6.07
3268,1,157,20221221,5,4,1121.25,720,4485.0,3543.15,708.63
3269,8,36,20230717,4,2,29.18,26,58.35,46.1,9.22
3270,14,24,20220310,3,4,12.84,9,51.37,40.58,8.12
3271,5,73,20220902,3,4,5.75,4,23.0,18.17,3.63
3272,2,67,20221122,4,2,1063.59,900,2127.19,1680.48,336.1
3273,17,28,20230906,4,1,70.02,55,70.02,55.32,11.06
3274,4,168,20231117,4,1,25.97,22,25.97,20.52,4.1
3275,19,130,20210705,4,4,13.27,12,53.08,41.93,8.39
3276,13,109,20230727,1,3,7.87,6,23.62,18.66,3.73
3277,4,155,20231130,4,5,28.3,22,141.51,111.79,22.36
3278,11,137,20221110,3,1,11.94,8,11.94,9.43,1.89
3279,18,195,20220901,4,1,18.8,16,18.8,14.85,2.97
3280,19,67,20220429,2,5,18.08,12,90.39,71.41,14.28
3281,15,112,20231110,1,4,55.84,45,223.35,176.45,35.29
3282,16,118,20210624,3,1,10.81,7,10.81,8.54,1.71
3283,12,65,20230912,4,3,7.19,5,21.56,17.03,3.41
3284,18,69,20210204,2,3,20.46,16,61.37,48.48,9.7
3285,15,84,20210126,3,1,62.91,45,62.91,49.7,9.94
3286,2,137,20220527,6,4,1101.88,900,4407.53,3481.95,696.39
3287,18,25,20210503,2,2,22.66,16,45.33,35.81,7.16
3288,9,89,20220912,4,5,31.77,26,158.87,125.51,25.1
3289,17,146,20231117,4,1,62.6,55,62.6,49.45,9.89
3290,2,38,20220620,5,1,1161.86,900,1161.86,917.87,183.57
3291,3,87,20231107,6,3,865.43,660,2596.3,2051.08,410.22
3292,6,192,20210202,3,1,15.18,10,15.18,11.99,2.4
3293,4,50,20220914,5,3,35.14,22,105.43,83.29,16.66
3294,17,139,20230602,2,1,70.79,55,70.79,55.92,11.18
3295,7,195,20221110,4,3,20.63,14,61.88,48.89,9.78
3296,9,129,20210924,6,1,36.46,26,36.46,28.8,5.76
3297,10,70,20210917,1,4,38.51,32,154.06,121.71,24.34
3298,5,71,20220818,3,4,5.6,4,22.39,17.69,3.54
3299,11,25,20230630,2,2,8.87,8,17.74,14.01,2.8
3300,8,17,20220412,5,3,38.07,26,114.2,90.22,18.04
3301,15,151,20230524,4,5,56.9,45,284.48,224.74,44.95
3302,16,143,20220713,1,3,8.89,7,26.68,21.08,4.22
3303,15,39,20220512,4,4,54.24,45,216.96,171.4,34.28
3304,6,173,20230928,4,3,13.01,10,39.04,30.84,6.17
3305,19,21,20230807,6,4,16.57,12,66.27,52.35,10.47
3306,3,54,20220511,6,5,847.83,660,4239.17,3348.94,669.79
3307,11,116,20220223,6,4,8.92,8,35.67,28.18,5.64
3308,19,43,20230615,5,3,16.59,12,49.77,39.32,7.86
3309,1,193,20220819,3,5,1059.86,720,5299.29,4186.44,837.29
3310,13,138,20211203,2,4,8.42,6,33.69,26.62,5.32
3311,4,102,20210628,2,2,35.11,22,70.23,55.48,11.1
3312,10,46,20230330,2,4,44.0,32,176.0,139.04,27.81
3313,7,108,20220520,5,3,17.64,14,52.91,41.8,8.36
3314,4,171,20220606,6,3,29.73,22,89.18,70.45,14.09
3315,13,58,20230203,4,4,8.87,6,35.48,28.03,5.61
3316,15,41,20220216,2,4,55.99,45,223.96,176.93,35.39
3317,11,196,20230203,4,2,11.53,8,23.07,18.23,3.65
3318,13,149,20210521,6,4,9.52,6,38.09,30.09,6.02
3319,7,163,20220812,1,5,16.97,14,84.85,67.03,13.41
3320,20,129,20230525,1,5,24.94,18,124.68,98.5,19.7
3321,1,84,20220810,5,2,851.93,720,1703.85,1346.04,269.21
3322,16,176,20230616,1,3,7.78,7,23.34,18.44,3.69
3323,13,142,20230512,5,2,9.15,6,18.3,14.46,2.89
3324,15,95,20210820,6,2,53.44,45,106.88,84.44,16.89
3325,7,83,20231019,2,3,15.85,14,47.56,37.57,7.51
3326,7,148,20210215,4,4,17.12,14,68.46,54.08,10.82
3327,15,62,20230516,2,4,60.75,45,243.02,191.99,38.4
3328,20,85,20210609,2,2,23.96,18,47.92,37.86,7.57
3329,1,192,20210412,1,4,1104.14,720,4416.57,3489.09,697.82
3330,13,19,20221107,4,3,9.25,6,27.75,21.92,4.38
3331,4,184,20230210,5,5,32.06,22,160.31,126.64,25.33
3332,16,186,20220922,1,3,10.54,7,31.62,24.98,5.0
3333,2,94,20231107,4,5,1273.17,900,6365.85,5029.02,1005.8
3334,14,32,20220923,1,2,13.71,9,27.42,21.66,4.33
3335,19,193,20231225,1,2,15.4,12,30.8,24.33,4.87
3336,11,37,20230801,2,4,9.64,8,38.56,30.46,6.09
3337,11,165,20210520,6,1,10.63,8,10.63,8.4,1.68
3338,16,193,20231016,2,3,8.9,7,26.7,21.09,4.22
3339,15,85,20230915,4,3,62.29,45,186.86,147.62,29.52
3340,2,195,20230503,2,2,1224.8,900,2449.6,1935.18,387.04
3341,8,95,20210208,5,3,37.88,26,113.64,89.78,17.96
3342,6,146,20220317,6,3,13.38,10,40.13,31.7,6.34
3343,10,40,20220923,6,2,37.54,32,75.09,59.32,11.86
3344,13,66,20220224,6,2,6.68,6,13.37,10.56,2.11
3345,19,78,20211101,2,5,13.27,12,66.36,52.42,10.48
3346,17,191,20220607,5,4,73.62,55,294.47,232.63,46.53
3347,12,165,20210902,2,5,7.63,5,38.16,30.15,6.03
3348,17,96,20220328,4,4,78.33,55,313.32,247.52,49.5
3349,16,45,20230124,4,4,7.75,7,31.0,24.49,4.9
3350,11,58,20210405,3,2,9.7,8,19.39,15.32,3.06
3351,20,200,20220203,6,1,25.65,18,25.65,20.26,4.05
3352,16,118,20220527,5,1,10.64,7,10.64,8.41,1.68
3353,8,190,20230123,2,3,37.24,26,111.71,88.25,17.65
3354,4,85,20220727,5,1,27.19,22,27.19,21.48,4.3
3355,18,21,20230207,1,4,22.13,16,88.53,69.94,13.99
3356,8,66,20211222,6,2,37.57,26,75.13,59.35,11.87
3357,8,59,20230724,6,4,30.91,26,123.63,97.67,19.53
3358,9,142,20230524,3,1,38.26,26,38.26,30.23,6.05
3359,3,34,20231117,5,3,746.09,660,2238.26,1768.23,353.65
3360,8,150,20211124,5,4,34.64,26,138.54,109.45,21.89
3361,2,82,20230209,6,1,1078.39,900,1078.39,851.93,170.39
3362,15,22,20210617,4,2,51.75,45,103.49,81.76,16.35
3363,7,154,20230426,4,3,19.39,14,58.16,45.95,9.19
3364,14,29,20230414,6,4,13.4,9,53.59,42.34,8.47
3365,19,163,20211007,5,4,19.15,12,76.61,60.52,12.1
3366,14,154,20211228,3,4,12.74,9,50.96,40.26,8.05
3367,17,124,20220418,5,3,86.66,55,259.99,205.39,41.08
3368,9,137,20220307,2,3,32.18,26,96.54,76.27,15.25
3369,17,80,20230316,6,4,63.57,55,254.26,200.87,40.17
3370,6,125,20231221,1,3,15.47,10,46.4,36.66,7.33
3371,16,127,20230102,2,2,7.93,7,15.86,12.53,2.51
3372,10,25,20220913,4,3,45.41,32,136.22,107.61,21.52
3373,6,50,20230213,1,2,12.07,10,24.13,19.06,3.81
3374,10,82,20221221,5,4,36.85,32,147.39,116.44,23.29
3375,20,54,20220308,5,2,22.71,18,45.43,35.89,7.18
3376,13,44,20211004,2,5,8.59,6,42.94,33.92,6.78
3377,17,122,20220413,6,5,82.19,55,410.95,324.65,64.93
3378,9,59,20231108,3,4,40.75,26,162.99,128.76,25.75
3379,12,38,20220311,3,3,7.32,5,21.95,17.34,3.47
3380,11,116,20231206,3,4,11.05,8,44.21,34.93,6.99
3381,14,2,20231229,4,1,14.26,9,14.26,11.27,2.25
3382,5,117,20220524,3,1,6.04,4,6.04,4.77,0.95
3383,7,170,20211019,6,3,17.46,14,52.39,41.39,8.28
3384,1,83,20220621,4,4,909.25,720,3636.99,2873.22,574.64
3385,7,56,20230315,5,5,18.48,14,92.4,73.0,14.6
3386,4,20,20220128,2,2,27.78,22,55.56,43.89,8.78
3387,19,121,20221121,1,4,17.33,12,69.31,54.75,10.95
3388,16,64,20231011,3,5,9.75,7,48.76,38.52,7.7
3389,4,15,20210326,6,3,27.24,22,81.71,64.55,12.91
3390,15,73,20220615,1,4,52.52,45,210.09,165.97,33.19
3391,3,84,20231212,6,4,998.02,660,3992.09,3153.75,630.75
3392,19,77,20210805,5,2,16.57,12,33.14,26.18,5.24
3393,8,84,20220921,5,5,38.52,26,192.58,152.14,30.43
3394,18,136,20220110,3,1,18.72,16,18.72,14.79,2.96
3395,11,93,20210408,4,2,9.54,8,19.07,15.07,3.01
3396,8,118,20221103,3,3,31.19,26,93.56,73.91,14.78
3397,9,66,20231006,5,1,30.42,26,30.42,24.03,4.81
3398,14,110,20230711,4,4,13.49,9,53.97,42.64,8.53
3399,2,132,20230130,3,1,1244.57,900,1244.57,983.21,196.64
3400,17,84,20210216,5,4,68.27,55,273.09,215.74,43.15
3401,3,189,20220425,1,5,756.41,660,3782.04,2987.81,597.56
3402,4,137,20230313,2,5,33.51,22,167.55,132.36,26.47
3403,19,120,20210506,5,2,17.71,12,35.42,27.98,5.6
3404,14,71,20230908,4,4,13.9,9,55.61,43.93,8.79
3405,5,167,20231127,3,1,4.76,4,4.76,3.76,0.75
3406,11,117,20230406,5,4,12.36,8,49.43,39.05,7.81
3407,19,76,20220801,1,5,18.17,12,90.85,71.77,14.35
3408,1,58,20210128,3,4,846.18,720,3384.71,2673.92,534.78
3409,19,173,20211117,3,5,15.95,12,79.73,62.99,12.6
3410,7,198,20230814,5,3,21.65,14,64.96,51.32,10.26
3411,19,40,20231024,2,2,14.44,12,28.87,22.81,4.56
3412,4,7,20210917,5,5,34.59,22,172.95,136.63,27.33
3413,5,139,20210226,3,1,5.05,4,5.05,3.99,0.8
3414,8,169,20220329,2,2,32.54,26,65.08,51.41,10.28
3415,9,60,20220901,2,3,28.95,26,86.86,68.62,13.72
3416,4,97,20220923,1,4,33.74,22,134.97,106.63,21.33
3417,7,98,20231128,1,4,18.47,14,73.88,58.37,11.67
3418,7,198,20211013,4,5,21.1,14,105.51,83.35,16.67
3419,6,130,20210514,5,5,11.61,10,58.04,45.85,9.17
3420,7,31,20231221,4,5,17.91,14,89.54,70.74,14.15
3421,14,49,20220331,2,1,13.5,9,13.5,10.67,2.13
3422,16,66,20220601,5,1,11.01,7,11.01,8.7,1.74
3423,1,98,20210125,4,4,1138.16,720,4552.66,3596.6,719.32
3424,12,93,20210525,3,1,6.59,5,6.59,5.21,1.04
3425,10,59,20230725,6,1,45.61,32,45.61,36.03,7.21
3426,16,5,20220714,3,3,7.86,7,23.58,18.63,3.73
3427,6,145,20211223,1,2,13.59,10,27.19,21.48,4.3
3428,16,196,20210721,1,1,9.79,7,9.79,7.73,1.55
3429,10,96,20211028,5,4,48.37,32,193.49,152.86,30.57
3430,6,45,20220825,5,2,14.71,10,29.42,23.24,4.65
3431,6,94,20230817,1,2,11.15,10,22.3,17.62,3.52
3432,10,104,20211020,6,3,49.74,32,149.23,117.89,23.58
3433,20,83,20220117,1,1,22.78,18,22.78,18.0,3.6
3434,2,189,20221107,2,4,1010.92,900,4043.7,3194.52,638.9
3435,20,185,20220627,5,2,21.22,18,42.45,33.54,6.71
3436,12,58,20210122,1,4,7.97,5,31.88,25.19,5.04
3437,16,119,20210611,4,5,9.24,7,46.21,36.51,7.3
3438,1,80,20230516,4,4,1115.84,720,4463.35,3526.05,705.21
3439,5,83,20220105,6,5,5.13,4,25.66,20.27,4.05
3440,4,123,20230531,4,5,26.36,22,131.8,104.12,20.82
3441,17,34,20211111,2,2,78.63,55,157.26,124.24,24.85
3442,4,184,20231204,4,3,33.96,22,101.87,80.48,16.1
3443,8,58,20210601,3,2,38.09,26,76.18,60.18,12.04
3444,11,182,20220309,4,5,10.88,8,54.4,42.98,8.6
3445,9,195,20230410,2,3,34.09,26,102.26,80.79,16.16
3446,5,149,20230808,6,1,5.9,4,5.9,4.66,0.93
3447,2,51,20220707,2,1,1054.33,900,1054.33,832.92,166.58
3448,8,42,20210218,4,3,28.75,26,86.26,68.15,13.63
3449,16,89,20221122,2,5,9.12,7,45.6,36.02,7.2
3450,15,160,20211104,3,5,59.4,45,296.98,234.61,46.92
3451,9,168,20231205,5,3,32.98,26,98.95,78.17,15.63
3452,9,88,20210924,4,5,34.53,26,172.66,136.4,27.28
3453,11,196,20210519,5,3,9.05,8,27.16,21.46,4.29
3454,14,165,20220609,1,5,10.47,9,52.34,41.35,8.27
3455,15,29,20211123,1,5,65.54,45,327.68,258.87,51.77
3456,12,79,20210701,4,4,6.88,5,27.53,21.75,4.35
3457,17,47,20210429,4,5,65.86,55,329.3,260.15,52.03
3458,8,199,20230904,1,2,38.13,26,76.27,60.25,12.05
3459,17,154,20220524,2,5,84.15,55,420.74,332.38,66.48
3460,2,137,20230124,3,5,1093.69,900,5468.45,4320.08,864.02
3461,6,96,20230201,2,1,14.4,10,14.4,11.38,2.28
3462,20,58,20230630,6,2,24.67,18,49.33,38.97,7.79
3463,14,52,20230525,3,1,14.22,9,14.22,11.23,2.25
3464,10,100,20220729,5,4,49.5,32,198.0,156.42,31.28
3465,11,35,20221103,6,3,8.8,8,26.4,20.86,4.17
3466,18,172,20211228,3,2,24.98,16,49.97,39.48,7.9
3467,20,18,20230530,1,4,21.06,18,84.25,66.56,13.31
3468,6,196,20221122,2,4,14.93,10,59.73,47.19,9.44
3469,14,101,20230717,5,2,11.02,9,22.04,17.41,3.48
3470,3,58,20220518,3,2,1020.57,660,2041.14,1612.5,322.5
3471,19,173,20210628,2,2,15.86,12,31.72,25.06,5.01
3472,9,195,20230823,3,1,36.88,26,36.88,29.14,5.83
3473,10,135,20230118,1,5,42.74,32,213.69,168.82,33.76
3474,15,77,20230807,1,5,66.22,45,331.08,261.55,52.31
3475,5,19,20221014,6,3,6.15,4,18.45,14.58,2.92
3476,13,66,20210301,1,4,7.88,6,31.51,24.89,4.98
3477,16,195,20210831,3,2,9.53,7,19.06,15.06,3.01
3478,20,154,20210507,3,2,27.62,18,55.25,43.65,8.73
3479,16,180,20230811,4,4,7.9,7,31.59,24.96,4.99
3480,9,186,20210601,6,3,40.36,26,121.08,95.65,19.13
3481,17,85,20230707,4,3,87.53,55,262.6,207.45,41.49
3482,1,26,20210430,6,4,879.39,720,3517.55,2778.86,555.77
3483,8,152,20221212,4,3,29.95,26,89.85,70.98,14.2
3484,16,144,20231013,5,5,9.02,7,45.08,35.61,7.12
3485,13,11,20230116,5,1,8.37,6,8.37,6.61,1.32
3486,4,148,20230712,1,1,34.83,22,34.83,27.52,5.5
3487,12,149,20211209,6,5,6.55,5,32.77,25.89,5.18
3488,2,89,20220720,6,4,1373.5,900,5494.02,4340.28,868.06
3489,17,10,20230404,4,4,78.9,55,315.6,249.32,49.86
3490,7,146,20210208,2,1,19.81,14,19.81,15.65,3.13
3491,4,75,20220418,4,1,32.22,22,32.22,25.45,5.09
3492,12,175,20211230,3,3,7.93,5,23.8,18.8,3.76
3493,9,115,20211223,1,3,34.56,26,103.67,81.9,16.38
3494,9,197,20230630,2,2,35.86,26,71.72,56.66,11.33
3495,11,190,20230224,4,3,11.92,8,35.77,28.26,5.65
3496,16,23,20210906,3,3,9.86,7,29.57,23.36,4.67
3497,8,82,20231128,3,1,40.48,26,40.48,31.98,6.4
3498,13,81,20210511,5,4,8.52,6,34.07,26.92,5.38
3499,13,52,20231221,3,4,7.65,6,30.61,24.18,4.84
3500,12,194,20220921,2,2,6.31,5,12.61,9.96,1.99
3501,7,149,20210610,3,5,20.3,14,101.51,80.19,16.04
3502,10,194,20230315,5,5,38.05,32,190.23,150.28,30.06
3503,3,51,20230607,1,1,960.85,660,960.85,759.07,151.81
3504,13,68,20230810,2,3,8.2,6,24.6,19.43,3.89
3505,5,99,20220725,1,3,5.63,4,16.88,13.34,2.67
3506,11,58,20210429,4,1,9.78,8,9.78,7.73,1.55
3507,9,7,20210811,4,2,39.43,26,78.86,62.3,12.46
3508,8,58,20211111,4,2,30.49,26,60.98,48.17,9.63
3509,8,6,20220302,5,4,39.49,26,157.97,124.8,24.96
3510,18,142,20220818,5,2,20.9,16,41.8,33.02,6.6
3511,19,103,20230116,6,5,18.53,12,92.66,73.2,14.64
3512,9,181,20220711,3,3,34.21,26,102.62,81.07,16.21
3513,8,82,20220608,5,3,29.6,26,88.8,70.15,14.03
3514,5,83,20230921,6,2,5.99,4,11.98,9.46,1.89
3515,5,25,20230411,5,4,5.47,4,21.88,17.29,3.46
3516,20,59,20210601,6,3,26.26,18,78.77,62.23,12.45
3517,18,58,20230714,4,3,22.19,16,66.58,52.6,10.52
3518,15,159,20210318,4,4,62.8,45,251.2,198.45,39.69
3519,6,6,20210405,5,4,13.79,10,55.18,43.59,8.72
3520,12,123,20210324,6,2,5.66,5,11.32,8.94,1.79
3521,3,185,20220524,3,5,809.16,660,4045.82,3196.2,639.24
3522,1,183,20231110,5,4,947.1,720,3788.4,2992.84,598.57
3523,13,56,20210712,6,4,7.53,6,30.12,23.79,4.76
3524,10,85,20230927,2,5,47.97,32,239.87,189.5,37.9
3525,14,37,20221230,5,5,11.32,9,56.58,44.7,8.94
3526,20,14,20210111,6,3,25.09,18,75.26,59.46,11.89
3527,20,17,20210413,5,4,26.37,18,105.49,83.34,16.67
3528,7,64,20231117,5,2,21.25,14,42.5,33.58,6.72
3529,16,187,20210212,1,3,8.01,7,24.04,18.99,3.8
3530,19,180,20220803,6,4,18.03,12,72.12,56.97,11.39
3531,16,36,20220701,3,2,8.04,7,16.07,12.7,2.54
3532,6,182,20220525,4,3,13.5,10,40.5,32.0,6.4
3533,9,103,20210922,2,2,33.17,26,66.33,52.4,10.48
3534,3,87,20230718,4,1,898.88,660,898.88,710.12,142.02
3535,20,16,20210129,5,1,25.94,18,25.94,20.49,4.1
3536,6,1,20210518,5,1,11.02,10,11.02,8.71,1.74
3537,10,8,20220706,5,5,41.2,32,205.99,162.73,32.55
3538,6,49,20210412,6,5,13.49,10,67.46,53.29,10.66
3539,7,89,20230208,1,2,19.6,14,39.2,30.97,6.19
3540,6,113,20230404,6,2,13.54,10,27.07,21.39,4.28
3541,1,160,20220930,1,5,1111.76,720,5558.82,4391.47,878.29
3542,10,75,20210623,1,3,46.13,32,138.39,109.33,21.87
3543,17,43,20230427,1,4,65.81,55,263.25,207.97,41.59
3544,20,87,20210811,4,5,27.29,18,136.43,107.78,21.56
3545,4,172,20221005,5,1,27.92,22,27.92,22.06,4.41
3546,5,62,20220609,4,2,5.99,4,11.98,9.46,1.89
3547,12,16,20210302,4,5,5.75,5,28.73,22.7,4.54
3548,3,170,20230117,6,3,1026.92,660,3080.75,2433.79,486.76
3549,19,180,20230320,5,5,15.57,12,77.83,61.49,12.3
3550,7,73,20230223,3,2,18.54,14,37.07,29.29,5.86
3551,10,161,20211012,4,4,42.16,32,168.65,133.23,26.65
3552,16,7,20210429,4,1,8.83,7,8.83,6.98,1.4
3553,20,100,20221125,3,4,28.73,18,114.92,90.79,18.16
3554,2,136,20220217,1,2,1416.05,900,2832.1,2237.36,447.47
3555,19,192,20220317,5,5,14.24,12,71.2,56.25,11.25
3556,2,137,20220328,1,1,1425.05,900,1425.05,1125.79,225.16
3557,7,91,20220707,5,1,21.17,14,21.17,16.72,3.34
3558,14,190,20230908,5,5,13.72,9,68.61,54.2,10.84
3559,12,175,20221230,6,1,7.78,5,7.78,6.15,1.23
3560,15,48,20210524,2,3,51.14,45,153.43,121.21,24.24
3561,16,53,20211020,5,5,7.75,7,38.77,30.63,6.13
3562,7,177,20220701,1,3,15.43,14,46.3,36.58,7.32
3563,11,46,20211213,4,2,10.29,8,20.57,16.25,3.25
3564,2,40,20220801,2,5,1100.78,900,5503.89,4348.07,869.61
3565,9,109,20230817,6,5,37.83,26,189.16,149.44,29.89
3566,10,53,20230619,6,3,41.75,32,125.24,98.94,19.79
3567,14,106,20210115,4,3,13.69,9,41.08,32.45,6.49
3568,16,65,20210930,5,1,9.89,7,9.89,7.81,1.56
3569,2,179,20220721,4,2,1288.33,900,2576.67,2035.57,407.11
3570,3,164,20211117,1,1,778.44,660,778.44,614.97,122.99
3571,3,47,20221202,5,3,781.23,660,2343.69,1851.52,370.3
3572,9,175,20231128,6,4,32.3,26,129.21,102.08,20.42
3573,10,146,20220216,3,1,47.38,32,47.38,37.43,7.49
3574,7,23,20220721,5,4,16.81,14,67.22,53.1,10.62
3575,2,121,20230113,4,1,1040.13,900,1040.13,821.7,164.34
3576,13,48,20210224,1,1,7.33,6,7.33,5.79,1.16
3577,12,113,20230602,6,2,6.61,5,13.21,10.44,2.09
3578,17,197,20210302,2,2,80.44,55,160.87,127.09,25.42
3579,19,4,20210304,2,3,18.36,12,55.07,43.51,8.7
3580,6,90,20211227,4,2,15.51,10,31.02,24.51,4.9
3581,13,98,20210323,2,3,8.12,6,24.35,19.24,3.85
3582,6,161,20211119,2,3,14.29,10,42.87,33.87,6.77
3583,1,113,20220922,1,2,1008.6,720,2017.2,1593.59,318.72
3584,18,42,20220217,2,5,25.31,16,126.57,99.99,20.0
3585,4,176,20210324,1,4,29.9,22,119.59,94.48,18.9
3586,20,185,20210126,2,3,23.13,18,69.4,54.83,10.97
3587,4,176,20210726,2,1,28.39,22,28.39,22.43,4.49
3588,2,100,20230320,5,1,1375.65,900,1375.65,1086.76,217.35
3589,2,145,20231229,5,1,998.91,900,998.91,789.14,157.83
3590,19,166,20221115,4,3,17.31,12,51.94,41.03,8.21
3591,15,192,20220711,2,4,63.28,45,253.13,199.97,39.99
3592,15,123,20220511,2,4,61.57,45,246.28,194.56,38.91
3593,8,37,20220601,3,2,41.12,26,82.24,64.97,12.99
3594,9,42,20220712,3,1,34.21,26,34.21,27.03,5.41
3595,5,11,20220308,4,4,5.82,4,23.29,18.4,3.68
3596,8,103,20230216,2,3,31.31,26,93.92,74.2,14.84
3597,14,107,20220805,4,4,11.9,9,47.59,37.6,7.52
3598,15,94,20220712,3,3,64.47,45,193.41,152.79,30.56
3599,17,53,20210712,2,2,80.1,55,160.19,126.55,25.31
3600,7,187,20230328,6,5,17.94,14,89.72,70.88,14.18
3601,18,196,20221027,4,3,22.75,16,68.26,53.93,10.79
3602,13,37,20211103,4,1,8.23,6,8.23,6.5,1.3
3603,10,199,20221012,5,4,36.01,32,144.06,113.81,22.76
3604,11,142,20211109,2,4,12.55,8,50.19,39.65,7.93
3605,6,114,20220913,1,2,12.93,10,25.86,20.43,4.09
3606,6,70,20230816,6,5,14.85,10,74.23,58.64,11.73
3607,13,148,20230710,2,2,7.83,6,15.67,12.38,2.48
3608,8,190,20221103,2,4,32.71,26,130.84,103.36,20.67
3609,17,189,20230530,6,1,79.1,55,79.1,62.49,12.5
3610,3,6,20210405,1,1,835.4,660,835.4,659.97,131.99
3611,11,92,20210511,2,2,12.63,8,25.26,19.96,3.99
3612,3,93,20220317,5,3,918.54,660,2755.61,2176.93,435.39
3613,16,87,20221004,6,2,8.71,7,17.43,13.77,2.75
3614,18,41,20210526,2,2,20.92,16,41.84,33.05,6.61
3615,20,105,20230203,2,5,24.77,18,123.85,97.84,19.57
3616,9,177,20221104,2,1,37.23,26,37.23,29.41,5.88
3617,15,25,20210730,1,2,69.31,45,138.61,109.5,21.9
3618,13,123,20221110,2,1,8.36,6,8.36,6.6,1.32
3619,15,150,20220606,5,2,59.57,45,119.13,94.11,18.82
3620,16,172,20210129,5,3,10.8,7,32.4,25.6,5.12
3621,12,18,20210504,2,2,7.06,5,14.12,11.15,2.23
3622,13,39,20230830,1,2,9.48,6,18.97,14.99,3.0
3623,10,183,20220406,1,3,44.85,32,134.54,106.29,21.26
3624,1,160,20221212,5,4,1149.01,720,4596.05,3630.88,726.18
3625,9,50,20220608,5,3,41.37,26,124.1,98.04,19.61
3626,16,82,20210204,2,1,9.97,7,9.97,7.88,1.58
3627,10,68,20231003,4,4,40.6,32,162.4,128.3,25.66
3628,15,169,20220127,1,3,61.9,45,185.71,146.71,29.34
3629,20,3,20210707,6,5,19.97,18,99.86,78.89,15.78
3630,7,121,20220630,4,4,15.65,14,62.61,49.46,9.89
3631,9,179,20230823,4,3,33.37,26,100.1,79.08,15.82
3632,14,105,20230105,6,3,10.5,9,31.49,24.88,4.98
3633,9,142,20220512,2,4,32.26,26,129.05,101.95,20.39
3634,15,172,20210430,1,3,68.88,45,206.65,163.25,32.65
3635,1,33,20210614,1,2,818.79,720,1637.58,1293.69,258.74
3636,3,40,20220621,5,2,983.03,660,1966.06,1553.19,310.64
3637,1,186,20210420,1,3,1105.26,720,3315.77,2619.46,523.89
3638,3,40,20230606,5,4,934.23,660,3736.92,2952.17,590.43
3639,4,157,20220420,1,1,31.95,22,31.95,25.24,5.05
3640,3,48,20211014,1,1,727.27,660,727.27,574.54,114.91
3641,8,54,20230912,1,1,33.63,26,33.63,26.57,5.31
3642,17,50,20230616,4,2,79.98,55,159.95,126.36,25.27
3643,20,181,20221213,2,4,22.39,18,89.57,70.76,14.15
3644,19,16,20230829,4,2,16.25,12,32.49,25.67,5.13
3645,6,51,20210426,3,2,15.39,10,30.78,24.32,4.86
3646,7,180,20230406,1,1,16.72,14,16.72,13.21,2.64
3647,8,42,20220407,4,5,32.46,26,162.29,128.21,25.64
3648,17,164,20220816,3,2,72.23,55,144.46,114.12,22.82
3649,8,136,20220511,1,3,32.26,26,96.78,76.46,15.29
3650,3,16,20210820,1,4,839.59,660,3358.37,2653.11,530.62
3651,2,159,20231117,4,1,1293.32,900,1293.32,1021.72,204.34
3652,15,4,20231025,6,1,56.66,45,56.66,44.76,8.95
3653,20,174,20220603,1,5,22.16,18,110.81,87.54,17.51
3654,15,92,20220404,6,4,57.83,45,231.34,182.76,36.55
3655,16,81,20220308,5,2,8.5,7,17.0,13.43,2.69
3656,2,177,20210902,3,4,1199.23,900,4796.9,3789.55,757.91
3657,11,104,20221025,4,4,10.61,8,42.43,33.52,6.7
3658,13,108,20210723,1,2,8.96,6,17.93,14.16,2.83
3659,5,103,20220701,3,1,5.27,4,5.27,4.16,0.83
3660,6,39,20230808,5,2,12.08,10,24.17,19.09,3.82
3661,13,121,20210125,2,3,7.61,6,22.84,18.04,3.61
3662,16,101,20210202,2,3,10.6,7,31.81,25.13,5.03
3663,9,59,20230228,2,4,36.49,26,145.95,115.3,23.06
3664,14,112,20221219,2,4,14.26,9,57.04,45.06,9.01
3665,12,28,20210329,1,3,7.27,5,21.8,17.22,3.44
3666,10,37,20230523,2,5,50.29,32,251.47,198.66,39.73
3667,14,126,20211108,1,3,12.74,9,38.23,30.2,6.04
3668,10,176,20220502,5,4,44.99,32,179.94,142.15,28.43
3669,5,136,20230510,3,3,5.85,4,17.55,13.86,2.77
3670,5,95,20230915,5,4,4.53,4,18.1,14.3,2.86
3671,12,107,20221004,2,2,7.86,5,15.72,12.42,2.48
3672,8,81,20230914,6,4,38.83,26,155.31,122.69,24.54
3673,11,148,20230308,3,2,12.41,8,24.81,19.6,3.92
3674,19,59,20220407,6,5,16.86,12,84.28,66.58,13.32
3675,16,145,20211224,4,1,8.8,7,8.8,6.95,1.39
3676,13,193,20210518,2,5,7.56,6,37.82,29.88,5.98
3677,16,119,20230130,5,3,7.93,7,23.8,18.8,3.76
3678,7,198,20220713,3,2,17.95,14,35.89,28.35,5.67
3679,16,64,20210326,2,1,8.85,7,8.85,6.99,1.4
3680,16,144,20230609,2,3,11.05,7,33.15,26.19,5.24
3681,11,155,20221128,5,2,12.1,8,24.19,19.11,3.82
3682,7,153,20230717,5,1,17.47,14,17.47,13.8,2.76
3683,7,135,20210330,5,3,17.14,14,51.41,40.61,8.12
3684,14,180,20220624,1,3,11.07,9,33.22,26.24,5.25
3685,10,7,20210727,1,4,36.46,32,145.84,115.21,23.04
3686,5,115,20221031,6,4,5.51,4,22.04,17.41,3.48
3687,15,195,20230503,3,1,70.58,45,70.58,55.76,11.15
3688,9,51,20221017,6,5,34.49,26,172.47,136.25,27.25
3689,19,33,20210823,3,1,13.94,12,13.94,11.01,2.2
3690,18,123,20220414,3,2,20.12,16,40.24,31.79,6.36
3691,13,141,20231031,1,4,8.54,6,34.16,26.99,5.4
3692,6,84,20220722,5,1,14.22,10,14.22,11.23,2.25
3693,19,194,20220411,5,1,18.5,12,18.5,14.62,2.92
3694,5,128,20210323,1,1,4.68,4,4.68,3.7,0.74
3695,17,42,20210527,6,2,63.03,55,126.05,99.58,19.92
3696,12,87,20220601,1,4,6.36,5,25.44,20.1,4.02
3697,16,103,20210412,5,1,9.54,7,9.54,7.54,1.51
3698,13,178,20230711,2,5,9.07,6,45.34,35.82,7.16
3699,15,41,20211026,1,3,54.62,45,163.85,129.44,25.89
3700,18,7,20210323,1,2,21.43,16,42.86,33.86,6.77
3701,8,195,20210303,2,2,41.01,26,82.01,64.79,12.96
3702,17,82,20210716,3,4,81.29,55,325.16,256.88,51.38
3703,13,5,20230821,5,3,8.08,6,24.23,19.14,3.83
3704,14,141,20230818,1,1,10.8,9,10.8,8.53,1.71
3705,7,59,20210222,5,4,15.45,14,61.8,48.82,9.76
3706,3,149,20231004,3,5,1022.53,660,5112.66,4039.0,807.8
3707,13,55,20210825,2,5,6.62,6,33.11,26.16,5.23
3708,20,73,20230620,3,5,23.17,18,115.84,91.51,18.3
3709,6,52,20220712,5,3,12.67,10,38.02,30.04,6.01
3710,9,101,20220414,1,3,34.47,26,103.41,81.69,16.34
3711,20,167,20221003,6,5,26.73,18,133.65,105.58,21.12
3712,6,29,20211021,1,4,15.02,10,60.09,47.47,9.49
3713,7,52,20231201,5,3,21.23,14,63.69,50.32,10.06
3714,7,152,20230825,3,3,18.65,14,55.94,44.19,8.84
3715,8,146,20230719,3,2,35.24,26,70.49,55.69,11.14
3716,1,56,20220322,2,3,866.29,720,2598.86,2053.1,410.62
3717,13,185,20231031,3,4,9.55,6,38.21,30.19,6.04
3718,6,126,20230515,4,5,13.98,10,69.92,55.24,11.05
3719,8,20,20230816,5,1,40.1,26,40.1,31.68,6.34
3720,20,13,20210215,1,3,28.17,18,84.51,66.76,13.35
3721,15,98,20220311,6,5,71.13,45,355.64,280.96,56.19
3722,2,95,20210520,2,2,1426.92,900,2853.85,2254.54,450.91
3723,12,20,20231130,3,4,7.13,5,28.54,22.55,4.51
3724,2,31,20220303,3,2,1108.23,900,2216.45,1751.0,350.2
3725,4,163,20211021,6,1,33.88,22,33.88,26.77,5.35
3726,6,4,20221115,1,1,14.62,10,14.62,11.55,2.31
3727,19,178,20221017,5,3,14.82,12,44.46,35.12,7.02
3728,19,123,20231005,1,2,14.49,12,28.99,22.9,4.58
3729,13,8,20220726,1,4,7.9,6,31.59,24.96,4.99
3730,14,45,20221031,1,5,13.94,9,69.69,55.06,11.01
3731,3,198,20230801,3,3,963.23,660,2889.68,2282.85,456.57
3732,9,7,20211019,6,3,41.12,26,123.36,97.45,19.49
3733,8,177,20210928,4,1,41.55,26,41.55,32.82,6.56
3734,19,112,20210305,5,4,17.95,12,71.81,56.73,11.35
3735,2,74,20231024,3,1,1259.12,900,1259.12,994.7,198.94
3736,16,140,20221018,2,3,10.01,7,30.02,23.72,4.74
3737,18,139,20220617,2,3,23.48,16,70.44,55.65,11.13
3738,14,45,20220513,5,4,11.57,9,46.3,36.58,7.32
3739,10,38,20220513,6,4,46.01,32,184.05,145.4,29.08
3740,12,111,20220809,1,5,6.13,5,30.67,24.23,4.85
3741,11,92,20210716,6,4,10.6,8,42.41,33.5,6.7
3742,6,11,20230214,3,5,15.59,10,77.96,61.59,12.32
3743,5,154,20230616,3,5,5.67,4,28.33,22.38,4.48
3744,6,147,20231205,2,2,15.12,10,30.25,23.9,4.78
3745,3,108,20220722,1,5,905.52,660,4527.59,3576.8,715.36
3746,4,148,20230117,1,3,34.48,22,103.44,81.72,16.34
3747,6,190,20230811,2,3,13.45,10,40.34,31.87,6.37
3748,12,141,20220413,4,5,7.14,5,35.71,28.21,5.64
3749,8,148,20220719,3,4,37.54,26,150.17,118.63,23.73
3750,8,164,20210602,6,4,30.62,26,122.5,96.78,19.36
3751,7,184,20230922,1,5,21.0,14,105.0,82.95,16.59
3752,5,19,20221213,6,3,4.88,4,14.65,11.57,2.31
3753,10,54,20220805,5,1,50.42,32,50.42,39.83,7.97
3754,1,5,20211001,1,3,835.59,720,2506.76,1980.34,396.07
3755,3,18,20210924,3,4,1039.83,660,4159.34,3285.88,657.18
3756,12,170,20220830,4,1,7.24,5,7.24,5.72,1.14
3757,11,100,20220308,3,2,10.02,8,20.03,15.82,3.16
3758,19,123,20230608,6,5,16.76,12,83.8,66.2,13.24
3759,16,9,20230901,4,3,8.93,7,26.79,21.16,4.23
3760,16,99,20220103,5,1,9.18,7,9.18,7.25,1.45
3761,20,90,20230424,6,4,28.75,18,115.01,90.86,18.17
3762,2,125,20220630,1,4,1103.47,900,4413.88,3486.97,697.39
3763,3,63,20210513,6,1,876.05,660,876.05,692.08,138.42
3764,11,62,20231212,5,4,8.94,8,35.75,28.24,5.65
3765,18,199,20220322,6,4,19.33,16,77.33,61.09,12.22
3766,4,3,20220812,6,2,30.73,22,61.46,48.55,9.71
3767,1,130,20230828,4,1,972.75,720,972.75,768.47,153.69
3768,9,179,20221027,5,4,39.02,26,156.07,123.3,24.66
3769,2,65,20230208,5,1,1304.2,900,1304.2,1030.32,206.06
3770,6,116,20221206,3,2,11.2,10,22.4,17.7,3.54
3771,11,110,20230512,1,2,12.67,8,25.35,20.03,4.01
3772,7,124,20210421,4,2,15.44,14,30.88,24.4,4.88
3773,6,198,20231205,4,1,12.51,10,12.51,9.88,1.98
3774,11,175,20211117,5,4,9.71,8,38.86,30.7,6.14
3775,4,26,20220930,2,2,25.65,22,51.3,40.53,8.11
3776,19,7,20230518,4,4,15.4,12,61.6,48.66,9.73
3777,14,6,20230929,6,5,13.94,9,69.7,55.06,11.01
3778,18,28,20220614,4,4,17.87,16,71.47,56.46,11.29
3779,18,180,20220919,4,1,18.12,16,18.12,14.31,2.86
3780,12,122,20220113,4,5,7.8,5,38.99,30.8,6.16
3781,4,7,20210716,2,1,30.47,22,30.47,24.07,4.81
3782,7,115,20230811,6,5,18.01,14,90.07,71.16,14.23
3783,16,18,20220113,6,2,9.74,7,19.47,15.38,3.08
3784,18,11,20210616,2,2,18.78,16,37.56,29.67,5.93
3785,13,3,20210712,3,1,8.13,6,8.13,6.42,1.28
3786,4,135,20210119,6,3,30.64,22,91.92,72.62,14.52
3787,10,36,20210114,3,2,48.97,32,97.94,77.37,15.47
3788,7,170,20211103,4,4,18.75,14,75.0,59.25,11.85
3789,6,100,20210524,5,5,15.29,10,76.47,60.41,12.08
3790,5,171,20210413,2,5,4.69,4,23.45,18.53,3.71
3791,3,123,20231227,5,1,912.83,660,912.83,721.14,144.23
3792,14,161,20211221,3,2,13.63,9,27.25,21.53,4.31
3793,2,193,20220808,4,1,1381.8,900,1381.8,1091.62,218.32
3794,1,50,20220721,6,3,932.68,720,2798.04,2210.45,442.09
3795,8,192,20230519,2,4,36.59,26,146.37,115.63,23.13
3796,14,166,20230102,6,2,10.99,9,21.97,17.36,3.47
3797,10,128,20230118,1,4,44.8,32,179.19,141.56,28.31
3798,3,144,20220823,1,2,981.06,660,1962.13,1550.08,310.02
3799,12,72,20210226,4,3,6.66,5,19.98,15.78,3.16
3800,10,138,20220505,5,3,49.91,32,149.73,118.29,23.66
3801,17,125,20221107,4,5,79.62,55,398.1,314.5,62.9
3802,20,154,20230906,6,5,21.04,18,105.18,83.09,16.62
3803,3,178,20220429,4,3,901.8,660,2705.41,2137.27,427.45
3804,3,65,20230605,6,3,1034.27,660,3102.82,2451.23,490.25
3805,20,132,20220218,2,3,28.14,18,84.42,66.69,13.34
3806,8,145,20220411,2,3,41.24,26,123.72,97.74,19.55
3807,11,133,20211004,6,4,9.91,8,39.66,31.33,6.27
3808,14,172,20230509,6,2,13.36,9,26.71,21.1,4.22
3809,10,49,20210720,6,3,46.6,32,139.81,110.45,22.09
3810,11,53,20230306,4,5,10.88,8,54.4,42.98,8.6
3811,10,164,20210618,2,2,44.77,32,89.54,70.74,14.15
3812,11,47,20230628,6,4,10.3,8,41.2,32.55,6.51
3813,16,184,20220718,3,5,9.31,7,46.53,36.76,7.35
3814,5,66,20220505,5,1,4.91,4,4.91,3.88,0.78
3815,18,101,20220624,1,1,19.11,16,19.11,15.1,3.02
3816,16,117,20211231,5,5,10.57,7,52.87,41.77,8.35
3817,19,108,20230104,2,3,13.51,12,40.52,32.01,6.4
3818,16,153,20220906,1,4,9.23,7,36.92,29.17,5.83
3819,4,36,20220325,2,1,28.17,22,28.17,22.25,4.45
3820,2,18,20210319,3,1,1236.82,900,1236.82,977.09,195.42
3821,5,25,20220120,6,4,4.81,4,19.24,15.2,3.04
3822,19,16,20230807,1,1,15.23,12,15.23,12.03,2.41
3823,9,73,20230615,4,2,31.6,26,63.19,49.92,9.98
3824,20,147,20230607,3,5,22.98,18,114.91,90.78,18.16
3825,5,6,20211207,5,5,5.03,4,25.17,19.88,3.98
3826,6,99,20211112,2,5,14.08,10,70.41,55.62,11.12
3827,3,147,20210819,6,5,1048.96,660,5244.81,4143.4,828.68
3828,16,32,20220124,1,2,10.66,7,21.32,16.84,3.37
3829,8,118,20211115,5,2,40.19,26,80.39,63.51,12.7
3830,9,28,20211112,1,2,37.33,26,74.65,58.97,11.79
3831,19,154,20220916,4,4,14.48,12,57.92,45.76,9.15
3832,3,105,20210525,6,4,872.03,660,3488.14,2755.63,551.13
3833,13,158,20231127,4,1,8.22,6,8.22,6.49,1.3
3834,7,173,20220126,4,4,20.93,14,83.71,66.13,13.23
3835,11,83,20230123,1,4,10.83,8,43.32,34.22,6.84
3836,15,156,20220712,2,3,52.75,45,158.25,125.02,25.0
3837,20,179,20210422,6,4,21.32,18,85.26,67.36,13.47
3838,7,56,20220803,3,3,18.24,14,54.71,43.22,8.64
3839,10,60,20211223,4,5,49.24,32,246.22,194.51,38.9
3840,19,63,20210204,6,1,15.91,12,15.91,12.57,2.51
3841,13,147,20210202,3,3,7.74,6,23.23,18.35,3.67
3842,14,186,20221206,4,4,10.3,9,41.21,32.56,6.51
3843,12,59,20220103,3,3,7.78,5,23.34,18.44,3.69
3844,16,41,20220110,2,2,10.69,7,21.38,16.89,3.38
3845,17,154,20230714,5,2,83.76,55,167.52,132.34,26.47
3846,12,13,20220701,2,1,7.27,5,7.27,5.74,1.15
3847,3,158,20210817,6,5,742.52,660,3712.61,2932.96,586.59
3848,17,66,20210426,4,2,68.56,55,137.12,108.32,21.66
3849,9,48,20220919,2,4,32.65,26,130.6,103.17,20.63
3850,3,60,20230118,1,5,743.21,660,3716.04,2935.67,587.13
3851,6,74,20230728,5,4,15.71,10,62.84,49.64,9.93
3852,8,5,20210830,2,5,37.86,26,189.31,149.55,29.91
3853,4,69,20210407,2,5,25.57,22,127.83,100.99,20.2
3854,18,195,20221026,3,2,18.82,16,37.64,29.74,5.95
3855,8,3,20210927,3,2,38.56,26,77.13,60.93,12.19
3856,1,129,20230106,5,1,933.77,720,933.77,737.68,147.54
3857,2,121,20210830,2,2,1098.87,900,2197.73,1736.21,347.24
3858,12,147,20230524,3,4,6.11,5,24.46,19.32,3.86
3859,4,183,20210909,2,2,31.24,22,62.48,49.36,9.87
3860,2,18,20231219,4,2,990.26,900,1980.52,1564.61,312.92
3861,17,126,20221024,6,4,75.63,55,302.53,239.0,47.8
3862,13,135,20231108,4,5,7.66,6,38.31,30.26,6.05
3863,19,184,20230519,6,4,17.71,12,70.84,55.96,11.19
3864,14,43,20230123,5,4,10.47,9,41.87,33.08,6.62
3865,7,19,20210223,5,3,21.29,14,63.88,50.47,10.09
3866,20,106,20210616,4,4,22.5,18,89.98,71.08,14.22
3867,11,125,20210204,2,1,9.66,8,9.66,7.63,1.53
3868,5,116,20230705,5,2,5.7,4,11.4,9.01,1.8
3869,13,63,20220310,2,1,9.3,6,9.3,7.35,1.47
3870,9,125,20220922,4,4,37.87,26,151.47,119.66,23.93
3871,7,119,20220617,2,4,22.12,14,88.47,69.89,13.98
3872,5,164,20211220,1,3,5.15,4,15.44,12.2,2.44
3873,15,99,20220518,6,4,51.26,45,205.03,161.97,32.39
3874,12,132,20220228,5,4,5.6,5,22.41,17.7,3.54
3875,3,91,20221118,3,2,828.41,660,1656.83,1308.9,261.78
3876,6,3,20221228,1,2,14.72,10,29.44,23.26,4.65
3877,9,16,20230317,1,5,31.44,26,157.22,124.2,24.84
3878,12,7,20230118,4,4,6.34,5,25.34,20.02,4.0
3879,15,89,20230530,5,3,55.91,45,167.73,132.51,26.5
3880,17,150,20210316,1,4,81.36,55,325.43,257.09,51.42
3881,17,10,20220914,6,5,80.54,55,402.69,318.13,63.63
3882,17,18,20230323,2,4,69.58,55,278.32,219.87,43.97
3883,15,188,20231023,6,3,52.74,45,158.22,124.99,25.0
3884,7,24,20231229,5,4,17.33,14,69.32,54.76,10.95
3885,2,12,20211112,3,1,1419.1,900,1419.1,1121.09,224.22
3886,14,146,20211007,2,4,13.5,9,53.99,42.65,8.53
3887,14,141,20210806,5,3,14.36,9,43.07,34.03,6.81
3888,1,17,20211029,2,1,887.58,720,887.58,701.19,140.24
3889,3,57,20221124,4,2,1031.19,660,2062.38,1629.28,325.86
3890,4,21,20221209,6,4,33.13,22,132.51,104.68,20.94
3891,20,187,20220506,3,4,28.4,18,113.6,89.74,17.95
3892,19,143,20220106,5,3,16.99,12,50.97,40.27,8.05
3893,17,40,20220414,6,5,74.8,55,374.01,295.47,59.09
3894,20,200,20220204,2,2,27.13,18,54.27,42.87,8.57
3895,16,70,20220915,3,5,8.75,7,43.76,34.57,6.91
3896,13,14,20231106,5,3,9.01,6,27.02,21.35,4.27
3897,4,38,20220105,5,2,33.49,22,66.98,52.91,10.58
3898,8,119,20211111,2,1,37.67,26,37.67,29.76,5.95
3899,12,106,20221227,6,4,6.55,5,26.19,20.69,4.14
3900,10,21,20220421,2,2,45.17,32,90.34,71.37,14.27
3901,3,199,20230809,3,1,869.76,660,869.76,687.11,137.42
3902,5,107,20220913,4,1,5.07,4,5.07,4.01,0.8
3903,4,79,20220616,2,4,33.87,22,135.48,107.03,21.41
3904,13,151,20221207,2,4,7.89,6,31.56,24.93,4.99
3905,10,63,20211203,5,2,40.58,32,81.16,64.12,12.82
3906,11,152,20230509,4,1,9.2,8,9.2,7.27,1.45
3907,1,39,20210429,5,4,969.35,720,3877.41,3063.15,612.63
3908,5,14,20210513,1,4,4.76,4,19.02,15.03,3.01
3909,10,94,20210712,6,3,45.86,32,137.57,108.68,21.74
3910,2,43,20210506,3,3,1034.99,900,3104.96,2452.92,490.58
3911,3,11,20230417,5,1,997.07,660,997.07,787.69,157.54
3912,6,101,20211004,4,1,12.34,10,12.34,9.75,1.95
3913,20,135,20220223,1,5,22.36,18,111.8,88.32,17.66
3914,15,156,20210405,3,2,63.98,45,127.96,101.09,20.22
3915,17,25,20231002,4,5,66.65,55,333.27,263.28,52.66
3916,2,101,20220211,3,2,1302.71,900,2605.42,2058.28,411.66
3917,12,131,20221012,3,3,7.13,5,21.4,16.91,3.38
3918,14,61,20220729,3,3,10.85,9,32.54,25.71,5.14
3919,5,181,20221025,2,1,4.56,4,4.56,3.6,0.72
3920,4,38,20230424,1,4,25.59,22,102.35,80.86,16.17
3921,3,73,20231103,3,3,917.16,660,2751.48,2173.67,434.73
3922,16,112,20231027,4,1,10.95,7,10.95,8.65,1.73
3923,18,187,20230817,5,3,25.1,16,75.3,59.49,11.9
3924,16,168,20211028,1,3,8.25,7,24.74,19.54,3.91
3925,12,17,20211004,1,1,7.6,5,7.6,6.0,1.2
3926,13,48,20211229,4,4,8.57,6,34.3,27.1,5.42
3927,11,116,20220726,2,3,11.78,8,35.34,27.92,5.58
3928,14,169,20231012,3,5,13.81,9,69.03,54.53,10.91
3929,1,43,20210922,3,4,825.56,720,3302.23,2608.76,521.75
3930,5,11,20220426,2,2,5.43,4,10.85,8.57,1.71
3931,9,52,20221213,6,2,34.03,26,68.06,53.77,10.75
3932,12,183,20210114,3,5,6.43,5,32.16,25.41,5.08
3933,4,124,20210105,5,2,26.52,22,53.04,41.9,8.38
3934,17,71,20220422,5,4,84.96,55,339.85,268.48,53.7
3935,20,157,20230427,2,4,26.73,18,106.91,84.46,16.89
3936,2,117,20231115,6,5,1236.21,900,6181.03,4883.01,976.6
3937,15,12,20230213,3,3,49.9,45,149.71,118.27,23.65
3938,3,122,20230426,4,4,1027.65,660,4110.62,3247.39,649.48
3939,19,60,20230524,3,5,14.54,12,72.69,57.43,11.49
3940,10,167,20220117,1,2,45.89,32,91.79,72.51,14.5
3941,9,102,20230412,3,1,35.5,26,35.5,28.05,5.61
3942,8,116,20210301,2,4,28.63,26,114.52,90.47,18.09
3943,3,71,20210310,5,5,1036.17,660,5180.86,4092.88,818.58
3944,17,188,20210125,6,3,81.64,55,244.93,193.49,38.7
3945,2,128,20230810,5,2,1230.34,900,2460.68,1943.94,388.79
3946,10,200,20230303,1,2,50.01,32,100.02,79.02,15.8
3947,18,186,20220713,3,2,21.96,16,43.92,34.7,6.94
3948,1,176,20211015,4,1,910.36,720,910.36,719.18,143.84
3949,16,6,20211220,1,2,10.96,7,21.92,17.32,3.46
3950,9,44,20231115,6,3,37.33,26,112.0,88.48,17.7
3951,6,110,20220819,2,2,12.81,10,25.61,20.23,4.05
3952,10,139,20220218,6,5,45.42,32,227.12,179.42,35.88
3953,5,32,20210421,1,2,4.53,4,9.06,7.16,1.43
3954,9,46,20231225,1,4,32.99,26,131.95,104.24,20.85
3955,18,120,20221220,5,1,21.45,16,21.45,16.95,3.39
3956,9,22,20230601,3,1,33.19,26,33.19,26.22,5.24
3957,7,140,20220712,3,1,21.78,14,21.78,17.21,3.44
3958,3,17,20230609,2,2,838.89,660,1677.79,1325.45,265.09
3959,18,50,20230119,4,3,17.84,16,53.51,42.27,8.45
3960,14,27,20220713,5,4,10.86,9,43.42,34.3,6.86
3961,20,164,20210930,4,5,26.53,18,132.65,104.79,20.96
3962,8,169,20210407,4,5,38.62,26,193.1,152.55,30.51
3963,11,165,20220711,3,2,12.4,8,24.8,19.59,3.92
3964,15,49,20210223,1,5,57.5,45,287.48,227.11,45.42
3965,12,167,20230811,3,4,7.37,5,29.5,23.3,4.66
3966,11,119,20210112,1,2,12.17,8,24.34,19.23,3.85
3967,17,144,20230503,1,5,64.23,55,321.17,253.72,50.74
3968,18,142,20221212,6,3,18.56,16,55.67,43.98,8.8
3969,11,63,20210217,3,5,12.09,8,60.44,47.75,9.55
3970,2,28,20220225,1,3,1289.17,900,3867.51,3055.33,611.07
3971,9,98,20210716,2,3,33.02,26,99.06,78.26,15.65
3972,3,136,20220815,3,1,890.43,660,890.43,703.44,140.69
3973,10,105,20231127,1,1,50.9,32,50.9,40.21,8.04
3974,6,183,20220415,1,2,15.66,10,31.31,24.73,4.95
3975,20,26,20230516,3,1,20.66,18,20.66,16.32,3.26
3976,11,82,20220114,1,2,11.11,8,22.21,17.55,3.51
3977,3,60,20230417,1,3,828.79,660,2486.37,1964.23,392.85
3978,18,194,20231227,5,1,24.09,16,24.09,19.03,3.81
3979,19,177,20230228,5,3,18.64,12,55.91,44.17,8.83
3980,10,26,20230802,4,1,40.19,32,40.19,31.75,6.35
3981,3,169,20220826,3,3,970.56,660,2911.68,2300.23,460.05
3982,3,25,20210716,5,1,761.25,660,761.25,601.39,120.28
3983,2,121,20221116,3,4,1233.88,900,4935.54,3899.08,779.82
3984,6,152,20220114,5,2,11.41,10,22.82,18.03,3.61
3985,6,167,20210831,5,1,14.15,10,14.15,11.18,2.24
3986,16,56,20210126,6,2,8.29,7,16.59,13.11,2.62
3987,17,62,20230906,4,1,79.24,55,79.24,62.6,12.52
3988,19,187,20220127,2,4,16.49,12,65.94,52.09,10.42
3989,14,55,20210326,5,4,10.77,9,43.06,34.02,6.8
3990,10,89,20230127,2,4,50.78,32,203.12,160.46,32.09
3991,19,74,20220815,3,2,16.9,12,33.8,26.7,5.34
3992,14,66,20210629,6,5,12.14,9,60.7,47.95,9.59
3993,13,152,20210615,2,3,8.67,6,26.02,20.56,4.11
3994,6,165,20230407,5,1,15.84,10,15.84,12.51,2.5
3995,5,183,20211223,1,2,6.4,4,12.79,10.1,2.02
3996,2,188,20231205,1,4,1049.83,900,4199.33,3317.47,663.49
3997,9,29,20211110,5,1,37.07,26,37.07,29.29,5.86
3998,4,179,20231026,1,4,25.38,22,101.51,80.19,16.04
3999,15,37,20211025,2,1,69.05,45,69.05,54.55,10.91
4000,14,97,20220412,6,5,12.96,9,64.81,51.2,10.24
